date,open,high,low,close,volume,SMA20,SMA100,EMA20,Savgol,NoiseSavgol,
1.6585344E12,0.06743,0.0695,0.06594,0.06804,5.74830361E8,,,,,,
1.6586208E12,0.06802,0.06893,0.06721,0.06755,4.22181889E8,,,,,,
1.6587072E12,0.06755,0.06799,0.06175,0.06193,6.99294463E8,,,,,,
1.6587936E12,0.06194,0.06267,0.06011,0.06252,5.98070119E8,,,,,,
1.65888E12,0.06253,0.06722,0.06178,0.06721,7.22135201E8,,,,,,
1.6589664E12,0.06722,0.07089,0.06518,0.06909,9.47954323E8,,,,,,
1.6590528E12,0.06912,0.07244,0.06723,0.06877,1.006131726E9,,,,,,
1.6591392E12,0.06879,0.07454,0.06788,0.06965,1.305533142E9,,,,,,
1.6592256E12,0.06966,0.07225,0.06771,0.06807,7.89967033E8,,,,,,
1.659312E12,0.06809,0.07128,0.06682,0.06845,7.70509779E8,,,,,,
1.6593984E12,0.06845,0.06913,0.06546,0.06652,5.71786789E8,,,,,,
1.6594848E12,0.06652,0.06842,0.06509,0.06621,4.75501306E8,,,,,,
1.6595712E12,0.06621,0.06767,0.06574,0.06725,4.17953599E8,,,,,,
1.6596576E12,0.06725,0.07028,0.06717,0.06981,6.55343802E8,,,,,,
1.659744E12,0.06981,0.07133,0.0684,0.06863,5.15275101E8,,,,,,
1.6598304E12,0.06863,0.07,0.06735,0.06897,3.34443472E8,,,,,,
1.6599168E12,0.06896,0.07258,0.06881,0.07011,7.91973876E8,,,,,,
1.6600032E12,0.07009,0.075,0.06743,0.06904,1.319171735E9,,,,,,
1.6600896E12,0.06902,0.07147,0.06649,0.07126,8.64532997E8,,,,,,
1.660176E12,0.07126,0.0755,0.07042,0.07084,1.244652711E9,,,,,,
1.6602624E12,0.07085,0.07275,0.06966,0.0723,5.58720656E8,0.067996,,,,,
1.6603488E12,0.07232,0.07517,0.0718,0.07293,8.14196356E8,0.068209,,,,,
1.6604352E12,0.07292,0.08494,0.07262,0.08168,3.169284659E9,0.06847800000000001,,,,,
1.6605216E12,0.08168,0.08203,0.07467,0.07662,1.760099314E9,0.0694655,,,,,
1.660608E12,0.07663,0.08962,0.07615,0.08677,4.011386761E9,0.0701705,,,,,
1.6606944E12,0.08677,0.08897,0.07933,0.08021,2.056226341E9,0.07114849999999999,,,,,
1.6607808E12,0.08021,0.08229,0.07347,0.07474,1.299546363E9,0.07170449999999999,,,,,
1.6608672E12,0.07474,0.07529,0.06702,0.06776,2.379477045E9,0.07200300000000001,,,,,
1.6609536E12,0.06777,0.07118,0.06764,0.06933,1.2588946E9,0.0719085,,,,,
1.66104E12,0.06934,0.0708,0.06739,0.06932,1.013563879E9,0.0719715,,,,,
1.6611264E12,0.06933,0.06942,0.06518,0.0684,8.84457833E8,0.072015,,,,,
1.6612128E12,0.06841,0.06923,0.06687,0.06884,4.98322188E8,0.07210899999999999,,,,,
1.6612992E12,0.06884,0.06967,0.06703,0.06791,5.36623127E8,0.07224050000000001,,,,,
1.6613856E12,0.06791,0.07185,0.06761,0.06898,9.04268436E8,0.07227350000000002,,,,,
1.661472E12,0.06898,0.06957,0.06273,0.06351,1.220146376E9,0.07223199999999999,,,,,
1.6615584E12,0.06351,0.06412,0.06225,0.06351,7.13605775E8,0.07197600000000001,,,,,
1.6616448E12,0.06353,0.06432,0.06129,0.06178,5.33481708E8,0.071703,,,,,
1.6617312E12,0.06177,0.06409,0.06088,0.06384,5.99200371E8,0.0712865,,,,,
1.6618176E12,0.06383,0.06448,0.06007,0.06154,6.11034766E8,0.07102649999999999,,,,,
1.661904E12,0.06155,0.06346,0.06072,0.06135,5.50957335E8,0.07054049999999999,,,,,
1.6619904E12,0.06134,0.06263,0.05988,0.06239,5.6702074E8,0.07006599999999999,,,,,
1.6620768E12,0.06238,0.06288,0.06068,0.06165,4.36731244E8,0.0695705,,,,,
1.6621632E12,0.06164,0.06403,0.06112,0.06271,5.06474868E8,0.0690065,,,,,
1.6622496E12,0.06272,0.06391,0.06187,0.06323,4.26054692E8,0.06805799999999998,,,,,
1.662336E12,0.06323,0.06374,0.06092,0.06275,3.94413001E8,0.06738849999999999,,,,,
1.6624224E12,0.06275,0.06531,0.058,0.05889,1.030694821E9,0.0661875,,,,,
1.6625088E12,0.05888,0.06155,0.05737,0.06097,5.72781904E8,0.06512150000000001,,,,,
1.6625952E12,0.06098,0.06142,0.05965,0.06096,4.74879318E8,0.06443299999999999,,,,,
1.6626816E12,0.06099,0.06489,0.0609,0.06385,1.042646377E9,0.064093,,,,,
1.662768E12,0.06386,0.06557,0.06315,0.06466,8.60544762E8,0.063819,,,,,
1.6628544E12,0.06467,0.06531,0.06261,0.06369,7.12921351E8,0.06358599999999999,,,0.06185690249122497,,
1.6629408E12,0.06369,0.06545,0.06261,0.06393,6.76230761E8,0.0633505,,,0.06189364101642227,0.0018330975087750279,
1.6630272E12,0.06395,0.06419,0.05921,0.05964,1.028728701E9,0.063105,,,0.062026713922822864,0.002036358983577728,
1.6631136E12,0.05965,0.0615,0.05914,0.06115,6.89192149E8,0.0626915,,,0.06233026297311342,-0.0023867139228228654,
1.6632E12,0.06114,0.06121,0.05847,0.0586,6.74751292E8,0.0623,,,0.06231990973025061,-0.0011802629731134176,
1.6632864E12,0.05862,0.0605,0.05807,0.06046,4.81393122E8,0.06205449999999999,,,0.062178599250217584,-0.0037199097302506104,
1.6633728E12,0.06045,0.06241,0.0602,0.0622,4.40603174E8,0.06190199999999999,,,0.06198688461655202,-0.001718599250217584,
1.6634592E12,0.0622,0.06225,0.05628,0.05743,6.0076948E8,0.06192299999999999,,,0.06192254508547662,2.1311538344798153E-4,
1.6635456E12,0.05744,0.05881,0.05588,0.05853,6.24550093E8,0.06160250000000002,,,0.06158139694737754,-0.004492545085476619,
1.663632E12,0.05852,0.06064,0.05759,0.05839,5.18174761E8,0.06145200000000001,,,0.060715001178311204,-0.0030513969473775424,
1.6637184E12,0.0584,0.06091,0.05606,0.05715,8.02984616E8,0.061304000000000004,,,0.060220236052670434,-0.0023250011783112062,
1.6638048E12,0.05715,0.06007,0.05682,0.05958,4.85039595E8,0.061042000000000006,,,0.059611097945400204,-0.0030702360526704345,
1.6638912E12,0.05959,0.06431,0.05912,0.06337,1.396167433E9,0.06093850000000001,,,0.05924343360467396,-3.109794540020333E-5,
1.6639776E12,0.06337,0.06831,0.06239,0.0631,2.594470223E9,0.0609715,,,0.059180243859888036,0.004126566395326034,
1.664064E12,0.0631,0.06388,0.06004,0.06117,7.73373679E8,0.06096499999999999,,,0.059560059354130716,0.003919756140111967,
1.6641504E12,0.06117,0.06188,0.05972,0.06113,5.86568692E8,0.06088599999999998,,,0.0598573683459731,0.0016099406458692858,
1.6642368E12,0.06112,0.06307,0.05973,0.06048,5.80177161E8,0.06099799999999998,,,0.05997442161288406,0.0012726316540268984,
1.6643232E12,0.0605,0.06113,0.05848,0.06051,5.01123807E8,0.0609735,,,0.060131547414629886,5.055783871159361E-4,
1.6644096E12,0.06051,0.06108,0.05927,0.06086,3.99104883E8,0.060951,,,0.06018445856222824,3.7845258537011484E-4,
1.664496E12,0.06088,0.06228,0.05954,0.06167,6.85383674E8,0.060801499999999994,,,0.060202888882569916,6.755414377717581E-4,
1.6645824E12,0.06168,0.06316,0.06025,0.06059,7.1667818E8,0.060652,,,0.06030392634131094,0.0014671111174300866,
1.6646688E12,0.0606,0.06096,0.0588,0.05927,3.37873392E8,0.060497,,,0.0607333379036075,2.8607365868905943E-4,
1.6647552E12,0.05926,0.06058,0.05879,0.06034,3.17408954E8,0.060264,,,0.06092796350173917,-0.0014633379036074964,
1.6648416E12,0.06033,0.06645,0.05994,0.06584,1.976517731E9,0.060299000000000005,,,0.061168174446012476,-5.879635017391749E-4,
1.664928E12,0.06584,0.06687,0.06262,0.06478,1.259186373E9,0.0605335,,,0.06165597102269215,0.00467182555398752,
1.6650144E12,0.06479,0.06686,0.06279,0.06345,6.85939526E8,0.0608425,,,0.062289964872339565,0.0031240289773078536,
1.6651008E12,0.06345,0.06383,0.06124,0.06235,5.0088055E8,0.060992000000000005,,,0.06267617828504307,0.0011600351276604415,
1.6651872E12,0.06237,0.06268,0.06118,0.06165,2.30874372E8,0.0609995,,,0.06269282423688023,-3.261782850430689E-4,
1.6652736E12,0.06164,0.0624,0.06116,0.06212,2.26968934E8,0.0612105,,,0.06279334813009874,-0.0010428242368802285,
1.66536E12,0.0621,0.0625,0.0592,0.05938,3.86782574E8,0.061389999999999986,,,0.06269347979737824,-6.733481300987346E-4,
1.6654464E12,0.05938,0.06099,0.0575,0.06025,4.78062235E8,0.061439499999999994,,,0.06258016692024024,-0.003313479797378241,
1.6655328E12,0.06025,0.06099,0.05927,0.05981,2.52208137E8,0.061594499999999996,,,0.062163934476238934,-0.0023301669202402397,
1.6656192E12,0.05979,0.06024,0.05509,0.05965,7.61866013E8,0.061605999999999994,,,0.06154198210315807,-0.002353934476238932,
1.6657056E12,0.05964,0.06103,0.05809,0.05866,3.2753281E8,0.06141999999999999,,,0.061208684580214695,-0.0018919821031580658,
1.665792E12,0.05865,0.05978,0.05797,0.05857,2.49335168E8,0.06119799999999999,,,0.06077252187105239,-0.002548684580214698,
1.6658784E12,0.05857,0.05946,0.05847,0.05891,1.60481253E8,0.06106799999999999,,,0.06034234374118942,-0.002202521871052396,
1.6659648E12,0.0589,0.06017,0.05854,0.05998,1.9473787E8,0.060957000000000004,,,0.06016347270341261,-0.001432343741189425,
1.6660512E12,0.05997,0.06116,0.05854,0.05976,3.51446283E8,0.060932,,,0.060048374098735896,-1.834727034126099E-4,
1.6661376E12,0.05975,0.0608,0.05821,0.05868,4.58718503E8,0.0608945,,,0.059735079043258844,-2.883740987358954E-4,
1.666224E12,0.05868,0.06037,0.05823,0.05942,3.40532633E8,0.060785500000000006,,,0.059298914112413,-0.0010550790432588414,
1.6663104E12,0.05942,0.05951,0.05709,0.05933,2.8737797E8,0.06067300000000001,,,0.05897669340237063,1.2108588758700384E-4,
1.6663968E12,0.05933,0.0599,0.0591,0.05968,1.98858373E8,0.06061000000000002,,,0.05873845262392358,3.533065976293742E-4,
1.6664832E12,0.05969,0.0605,0.05865,0.06038,2.49563654E8,0.06063050000000001,,,0.05862458372349309,9.41547376076414E-4,
1.6665696E12,0.06038,0.06092,0.05866,0.05945,3.44276898E8,0.06063250000000001,,,0.05866228567380351,0.0017554162765069103,
1.666656E12,0.05944,0.06428,0.05913,0.06305,1.024580884E9,0.06031300000000002,,,0.05873507399748304,7.877143261964953E-4,
1.6667424E12,0.06304,0.07361,0.0626,0.07265,2.89378538E9,0.060226500000000016,,,0.058995276271889385,0.004314926002516956,
1.6668288E12,0.07265,0.08552,0.07172,0.07689,5.263995288E9,0.06068650000000001,,,0.060350420462042365,0.013654723728110621,
1.6669152E12,0.07686,0.08849,0.0725,0.08387,6.297011393E9,0.061413499999999996,,,0.06290850625758095,0.016539579537957635,
1.6670016E12,0.08387,0.1515,0.08285,0.12176,1.5308814618E10,0.06252450000000001,,,0.06628509614202929,0.020961493742419054,
1.667088E12,0.12176,0.1435,0.11122,0.11773,9.155956957E9,0.0655065,,,0.07236845939981729,0.0554749038579707,
1.6671744E12,0.11774,0.1318,0.11373,0.12686,7.416828751E9,0.068424,0.06584590000000001,,0.0806512119211389,0.045361540600182715,
1.6672608E12,0.12685,0.15893,0.12448,0.14211,9.95155835E9,0.0717545,0.06643410000000001,,0.08897258041554583,0.0462087880788611,
1.6673472E12,0.14211,0.148,0.122,0.12765,6.438544218E9,0.07586949999999999,0.06717970000000001,,0.09859583755300533,0.05313741958445416,
1.6674336E12,0.12766,0.13699,0.12,0.12262,3.814668576E9,0.07926949999999999,0.0678369,,0.10766409272179296,0.029054162446994686,
1.66752E12,0.12262,0.12915,0.11552,0.12613,4.491405373E9,0.0824675,0.06843790000000001,,0.11447783431638339,0.014955907278207045,
1.6676064E12,0.12612,0.136,0.12013,0.12445,2.575911841E9,0.0858455,0.0690271,,0.12051003713729493,0.0116521656836166,
1.6676928E12,0.12444,0.1277,0.11183,0.11477,1.828089235E9,0.08912250000000001,0.06958070000000001,,0.12567688400932356,0.003939962862705079,
1.6677792E12,0.11477,0.11908,0.10717,0.11123,1.960584662E9,0.091862,0.07004070000000003,,0.12905448702001787,-0.010906884009323561,
1.6678656E12,0.11124,0.113,0.0777,0.08827,6.869827495E9,0.09443549999999999,0.0704565,,0.13046907611699754,-0.017824487020017876,
1.667952E12,0.08827,0.09219,0.07053,0.0745,5.778334733E9,0.095915,0.0706585,,0.1290674812662913,-0.04219907611699754,
1.6680384E12,0.07452,0.09461,0.07306,0.08978,4.922943119E9,0.096669,0.07071899999999999,,0.12414378987403794,-0.05456748126629131,
1.6681248E12,0.08976,0.09355,0.08001,0.08509,2.597129664E9,0.0981915,0.07095159999999999,,0.11855610961526247,-0.034363789874037945,
1.6682112E12,0.08511,0.0952,0.07845,0.08815,3.871215593E9,0.09946200000000001,0.0711404,,0.11304222530280611,-0.033466109615262474,
1.6682976E12,0.08814,0.09157,0.08269,0.08495,2.193482956E9,0.1008505,0.0713494,,0.10698990645796591,-0.024892225302806104,
1.668384E12,0.08496,0.0915,0.07917,0.08595,2.525683803E9,0.10212549999999998,0.07150079999999999,,0.1008214098244671,-0.022039906457965913,
1.6684704E12,0.08594,0.0895,0.0847,0.08706,1.318756115E9,0.10327050000000002,0.071674,,0.09451362498752959,-0.014871409824467108,
1.6685568E12,0.08705,0.09121,0.08338,0.08548,1.621532204E9,0.10399099999999999,0.0718549,,0.08871959615480025,-0.007453624987529592,
1.6686432E12,0.08549,0.08729,0.08233,0.08467,1.133495442E9,0.1044205,0.0720086,,0.08353852476357823,-0.0032395961548002533,
1.6687296E12,0.08467,0.08679,0.08363,0.08474,8.18587592E8,0.1044605,0.07216489999999999,,0.0791399423470709,0.001131475236421764,
1.668816E12,0.08474,0.085,0.08303,0.08455,4.89697622E8,0.10260949999999999,0.07229970000000001,,0.07616816297614955,0.005600057652929091,
1.6689024E12,0.08455,0.08584,0.07633,0.07703,1.168377788E9,0.10095050000000001,0.07243680000000001,,0.07468766454313519,0.008381837023850452,
1.6689888E12,0.07705,0.07738,0.07131,0.07466,1.869844515E9,0.09845899999999999,0.0724841,,0.07382466902939382,0.002342335456864811,
1.6690752E12,0.07466,0.0797,0.07307,0.07876,1.448103545E9,0.09508649999999999,0.0725014,,0.07392808339072243,8.353309706061879E-4,
1.6691616E12,0.07877,0.08354,0.07779,0.08197,1.258795497E9,0.09264199999999997,0.0724722,,0.07574767815757334,0.0048319166092775645,
1.669248E12,0.08197,0.08434,0.08013,0.08146,7.3923352E8,0.09060949999999998,0.0725257,,0.07656397056293372,0.006222321842426659,
1.6693344E12,0.08146,0.09191,0.08053,0.0895,2.497331251E9,0.088376,0.0724726,,0.07856895452199307,0.004896029437066282,
1.6694208E12,0.0895,0.09558,0.08712,0.08893,1.914481802E9,0.0866285,0.07256549999999999,,0.08090949086820554,0.010931045478006926,
1.6695072E12,0.08892,0.108,0.0888,0.09868,4.273685671E9,0.0853365,0.07270739999999999,,0.08238900575565386,0.00802050913179446,
1.6695936E12,0.0987,0.09975,0.09056,0.09513,3.34065416E9,0.084709,0.07301659999999999,,0.08510901685443298,0.016290994244346144,
1.66968E12,0.09512,0.10524,0.0936,0.10146,2.909789625E9,0.085052,0.07327460000000001,,0.08826470223416494,0.010020983145567028,
1.6697664E12,0.10146,0.11,0.09937,0.10677,2.791151929E9,0.0864,0.073596,,0.09070194426706796,0.013195297765835057,
1.6698528E12,0.10676,0.10777,0.10025,0.10175,1.927610473E9,0.08724950000000001,0.07397970000000001,,0.09309466808963593,0.016068055732932046,
1.6699392E12,0.10175,0.1036,0.09665,0.1021,1.560905751E9,0.0880825,0.0743088,,0.09514741693867376,0.008655331910364064,
1.6700256E12,0.1021,0.10319,0.09808,0.0997,1.356635083E9,0.08878,0.0746507,,0.09600665519037747,0.006952583061326234,
1.670112E12,0.0997,0.10575,0.09954,0.10406,1.609965913E9,0.0895175,0.07495790000000001,,0.09770449472121188,0.003693344809622523,
1.6701984E12,0.10405,0.11192,0.09922,0.10149,2.106903673E9,0.09042299999999999,0.0753634,,0.10054437945390861,0.006355505278788115,
1.6702848E12,0.10149,0.10276,0.09802,0.10019,1.145270821E9,0.0911445,0.0757432,,0.1022454059439908,9.456205460913886E-4,
1.6703712E12,0.1002,0.1012,0.09269,0.09575,1.40488023E9,0.09188,0.07612730000000001,,0.10367953054043713,-0.0020554059439907985,
1.6704576E12,0.09575,0.09918,0.09459,0.09847,1.03157452E9,0.092434,0.0764464,,0.104112624073314,-0.00792953054043713,
1.670544E12,0.09847,0.09945,0.09561,0.0967,9.56187442E8,0.09312050000000001,0.0768157,,0.10429416649036109,-0.005642624073313993,
1.6706304E12,0.0967,0.09743,0.09603,0.09632,4.2903473E8,0.093728,0.0771692,,0.10412914979881895,-0.007594166490361098,
1.6707168E12,0.09632,0.09715,0.09161,0.09266,6.27479341E8,0.09469250000000001,0.07750850000000002,,0.10333227715815291,-0.007809149798818943,
1.6708032E12,0.09266,0.093,0.08471,0.09029,1.940139927E9,0.0955925,0.07781860000000002,,0.10198166158795853,-0.010672277158152901,
1.6708896E12,0.09029,0.09555,0.08691,0.09105,1.698390609E9,0.096169,0.07809440000000001,,0.09994204065729004,-0.011691661587958535,
1.670976E12,0.09105,0.09247,0.087,0.08824,1.247687146E9,0.096623,0.07837260000000003,,0.09751601107564606,-0.008892040657290032,
1.6710624E12,0.08825,0.0888,0.08402,0.08485,8.9918034E8,0.096962,0.07862750000000002,,0.09474295767283175,-0.00927601107564606,
1.6711488E12,0.08483,0.08682,0.07391,0.07569,1.755203327E9,0.09672950000000001,0.07888710000000002,,0.09213812421957893,-0.009892957672831756,
1.6712352E12,0.07569,0.07949,0.07552,0.07919,1.337164978E9,0.09606750000000001,0.07903430000000002,,0.08920931263713784,-0.016448124219578933,
1.6713216E12,0.07918,0.08005,0.07759,0.07847,6.30900319E8,0.09509300000000001,0.0792166,,0.08610922611196177,-0.010019312637137845,
1.671408E12,0.07846,0.07951,0.06997,0.07133,1.529698798E9,0.09426000000000002,0.0793628,,0.08354607578398633,-0.007639226111961772,
1.6714944E12,0.07133,0.07566,0.07101,0.07483,1.127168971E9,0.09275350000000002,0.0794295,,0.08116200716336269,-0.012216075783986327,
1.6715808E12,0.07483,0.07502,0.07131,0.07374,9.12809062E8,0.09115650000000002,0.07954090000000001,,0.07861141007025005,-0.006332007163362699,
1.6716672E12,0.07369,0.07783,0.07327,0.07685,1.485392938E9,0.08975600000000002,0.079639,,0.07697743961815917,-0.0048714100702500485,
1.6717536E12,0.07687,0.07904,0.07616,0.07721,1.022963248E9,0.08849350000000002,0.0798111,,0.07534494314947937,-1.274396181591697E-4,
1.67184E12,0.07721,0.07814,0.07661,0.07752,3.60306517E8,0.087369,0.0799717,,0.07477341099265844,0.00186505685052063,
1.6719264E12,0.07751,0.07765,0.0732,0.07598,1.157436298E9,0.086042,0.08016090000000002,,0.07427659365311724,0.0027465890073415655,
1.6720128E12,0.07599,0.07664,0.07421,0.07568,6.48289873E8,0.0847665,0.0803161,,0.07353165422893324,0.0017034063468827632,
1.6720992E12,0.07569,0.07616,0.07256,0.07372,7.0685054E8,0.08354099999999999,0.08045090000000002,,0.07323402051948799,0.002148345771066762,
1.6721856E12,0.07372,0.07391,0.06921,0.0704,1.500166937E9,0.0824395,0.08061380000000003,,0.07299130953545568,4.859794805120027E-4,
1.672272E12,0.07039,0.07162,0.06925,0.07094,7.72145313E8,0.081036,0.08073250000000004,,0.07279600506601638,-0.0025913095354556798,
1.6723584E12,0.07093,0.07145,0.06581,0.0684,1.196523595E9,0.07974800000000001,0.08085800000000003,,0.07220813721233134,-0.0018560050660163807,
1.6724448E12,0.0684,0.07137,0.06796,0.07025,7.31983708E8,0.078352,0.08097050000000004,,0.0716988758184924,-0.003808137212331336,
1.6725312E12,0.07024,0.07087,0.06906,0.07024,4.4640816E8,0.07723149999999998,0.08107720000000004,,0.071260180939497,-0.0014488758184923872,
1.6726176E12,0.07023,0.07374,0.06906,0.0714,1.115176285E9,0.07622899999999999,0.08114590000000003,,0.07135897127859535,-0.0010201809394970035,
1.672704E12,0.07138,0.07231,0.06943,0.07049,7.32706343E8,0.07524650000000001,0.08122890000000002,,0.07134857155387204,4.102872140465674E-5,
1.6727904E12,0.07049,0.07362,0.07019,0.07311,7.90550617E8,0.074359,0.08132210000000002,,0.0713886664019277,-8.585715538720479E-4,
1.6728768E12,0.0731,0.07529,0.07035,0.07152,1.201528327E9,0.073772,0.08144190000000001,,0.07140892500396347,0.0017213335980722916,
1.6729632E12,0.07151,0.07281,0.0695,0.07241,9.0651455E8,0.07356349999999999,0.08155230000000001,,0.0715815755832638,1.110749960365337E-4,
1.6730496E12,0.07242,0.07305,0.07167,0.07219,4.38575312E8,0.0732245,0.08167130000000002,,0.07170209458492305,8.284244167361954E-4,
1.673136E12,0.07219,0.07399,0.07121,0.07363,6.9974244E8,0.0729105,0.08178460000000003,,0.07155378659693465,4.8790541507695573E-4,
1.6732224E12,0.07362,0.07963,0.07293,0.07566,2.439547755E9,0.07302550000000001,0.08190420000000004,,0.07137968129684591,0.0020762134030653523,
1.6733088E12,0.07565,0.0779,0.07372,0.07782,1.467632421E9,0.07306700000000002,0.08205490000000001,,0.071410973670881,0.004280318703154096,
1.6733952E12,0.07782,0.07856,0.07468,0.07814,1.121053232E9,0.07327100000000002,0.08224040000000002,,0.07233919459393512,0.006409026329118994,
1.6734816E12,0.07816,0.08127,0.07514,0.08025,1.968905283E9,0.07333550000000003,0.08241840000000002,,0.07314369630308923,0.005800805406064882,
1.673568E12,0.08025,0.0852,0.07854,0.0845,1.429185415E9,0.07348750000000001,0.0825625,,0.07403618522479205,0.0071063036969107735,
1.6736544E12,0.08449,0.09267,0.0825,0.08729,2.545072024E9,0.07383650000000001,0.0827597,,0.07592417983010101,0.010463814775207955,
1.6737408E12,0.08729,0.08794,0.08281,0.08608,1.138888071E9,0.07440200000000001,0.0829981,,0.07809495939523897,0.011365820169898996,
1.6738272E12,0.08607,0.08833,0.08155,0.08368,1.287934489E9,0.074922,0.08323540000000003,,0.08042891506180906,0.007985040604761032,
1.6739136E12,0.08369,0.08505,0.08194,0.08285,7.5634291E8,0.07542,0.08345570000000002,,0.08214533429590175,0.003251084938190943,
1.674E12,0.08286,0.08976,0.0778,0.08,2.493642731E9,0.0760425,0.08366300000000003,,0.0833569837296616,7.046657040982451E-4,
1.6740864E12,0.08,0.08218,0.07971,0.08161,6.9128204E8,0.07649550000000001,0.08386920000000003,,0.08396285843442104,-0.003356983729661603,
1.6741728E12,0.08159,0.087,0.0806,0.08617,9.18640712E8,0.077156,0.08408280000000003,,0.08425413433619079,-0.00235285843442104,
1.6742592E12,0.08616,0.08913,0.0837,0.08467,1.633128413E9,0.07795200000000001,0.08434640000000002,,0.08466295676198972,0.0019158656638092048,
1.6743456E12,0.08468,0.09343,0.08432,0.08824,1.738503746E9,0.07867350000000001,0.0845966,,0.0851011502971316,7.043238010276398E-6,
1.674432E12,0.08822,0.09151,0.08621,0.08851,1.434286413E9,0.07951550000000002,0.0848924,,0.08569360359478946,0.0031388497028684015,
1.6745184E12,0.08851,0.0908,0.0821,0.08392,1.125073702E9,0.08041650000000003,0.0851918,,0.08632876754876928,0.0028163964052105445,
1.6746048E12,0.08392,0.08818,0.08165,0.08654,1.051938532E9,0.08095700000000003,0.0854419,,0.0867124638470397,-0.002408767548769286,
1.6746912E12,0.08655,0.08771,0.08451,0.08633,7.98277511E8,0.08170800000000002,0.0857075,,0.08672193714418674,-1.7246384703969997E-4,
1.6747776E12,0.08634,0.088,0.08352,0.08723,7.54008754E8,0.082404,0.0859732,,0.08681427068298166,-3.9193714418674086E-4,
1.674864E12,0.08723,0.09381,0.08671,0.08773,1.403207343E9,0.08315600000000001,0.08625870000000001,,0.08678913959642416,4.157293170183457E-4,
1.6749504E12,0.08773,0.09102,0.08725,0.09009,1.040667224E9,0.083861,0.08654180000000002,,0.08689526611286776,9.408604035758411E-4,
1.6750368E12,0.09009,0.09286,0.0845,0.08837,1.97261563E9,0.0845825,0.08684940000000002,,0.08697520699970021,0.003194733887132248,
1.6751232E12,0.08833,0.09867,0.08822,0.09612,3.424868562E9,0.08511,0.08713630000000001,,0.08721744557959622,0.0013947930002997933,
1.6752096E12,0.09613,0.09717,0.08812,0.09403,2.51838879E9,0.086009,0.08749370000000001,,0.08788906272424618,0.008902554420403774,
1.675296E12,0.09403,0.09594,0.09006,0.09099,1.627338143E9,0.086698,0.08783950000000003,,0.08909318284840982,0.006140937275753822,
1.6753824E12,0.09099,0.09334,0.09025,0.09293,1.151670924E9,0.0870225,0.08811890000000004,,0.08995868945249665,0.00189681715159018,
1.6754688E12,0.09293,0.0998,0.0925,0.09567,2.334550634E9,0.0873045,0.08832170000000003,,0.09071807267266552,0.002971310547503353,
1.6755552E12,0.09567,0.097,0.09042,0.09203,1.60292425E9,0.087784,0.08850950000000005,,0.0917419601947558,0.004951927327334488,
1.6756416E12,0.09203,0.09329,0.0885,0.08955,9.69968684E8,0.0882015,0.08859110000000005,,0.09276129451860983,2.880398052441946E-4,
1.675728E12,0.08956,0.09274,0.0894,0.09253,8.46234202E8,0.08853649999999999,0.08826900000000001,,0.09325206096087518,-0.003211294518609825,
1.6758144E12,0.09252,0.09339,0.08842,0.09018,8.17449844E8,0.08916299999999999,0.08801700000000003,,0.09342054567149967,-7.220609608751816E-4,
1.6759008E12,0.09017,0.09093,0.07878,0.08144,1.673139025E9,0.08959149999999999,0.0876502,,0.09324011756127526,-0.0032405456714996728,
1.6759872E12,0.08144,0.08305,0.07922,0.08089,1.054839195E9,0.08935499999999999,0.08704350000000001,,0.0921287935390931,-0.011800117561275261,
1.6760736E12,0.08087,0.08259,0.08063,0.08225,4.09857675E8,0.089166,0.08657590000000001,,0.09039412161331763,-0.0112387935390931,
1.67616E12,0.08226,0.08582,0.08115,0.08215,9.32273677E8,0.08886649999999999,0.08617219999999999,,0.08875008481915396,-0.008144121613317623,
1.6762464E12,0.08217,0.08648,0.07936,0.08209,1.742593714E9,0.08854849999999999,0.08573240000000001,,0.0875242726829787,-0.006600084819153959,
1.6763328E12,0.08209,0.08371,0.08002,0.0836,7.85765214E8,0.08845699999999998,0.08530880000000003,,0.08637432447567496,-0.005434272682978705,
1.6764192E12,0.0836,0.08961,0.08265,0.08928,1.906740485E9,0.08830999999999999,0.08499710000000003,,0.08512302183659445,-0.0027743244756749663,
1.6765056E12,0.08927,0.09199,0.08468,0.08489,1.730290902E9,0.08845749999999998,0.08477760000000002,,0.08463221804498547,0.004156978163405545,
1.676592E12,0.08489,0.08851,0.0843,0.08771,7.78220031E8,0.08834049999999997,0.0847438,,0.08407396460149648,2.577819550145244E-4,
1.6766784E12,0.08771,0.09049,0.08675,0.08882,7.41187928E8,0.08833949999999997,0.08487589999999999,,0.08342946934052578,0.0036360353985035176,
1.6767648E12,0.08882,0.09,0.08559,0.08697,9.3384914E8,0.08827599999999998,0.0848663,,0.08358436469730361,0.005390530659474216,
1.6768512E12,0.08698,0.08875,0.08513,0.08829,7.74767125E8,0.08820599999999998,0.08488510000000002,,0.08372491963144102,0.0033856353026963937,
1.6769376E12,0.08829,0.08884,0.08429,0.08546,9.84199238E8,0.08781449999999999,0.0848865,,0.08406665942651602,0.004565080368558974,
1.677024E12,0.08546,0.08882,0.08286,0.0855,1.754704513E9,0.08738599999999999,0.0848916,,0.0844690093460101,0.0013933405734839754,
1.6771104E12,0.0855,0.08642,0.0835,0.08425,7.08234194E8,0.08711149999999998,0.0848871,,0.08486828873018448,0.0010309906539899133,
1.6771968E12,0.08424,0.08499,0.07922,0.08092,1.006076322E9,0.08667749999999999,0.084859,,0.08519340378303016,-6.182887301844769E-4,
1.6772832E12,0.08091,0.08216,0.07836,0.08075,6.71481093E8,0.08593999999999999,0.08481340000000001,,0.08551573971700231,-0.00427340378303015,
1.6773696E12,0.08075,0.08264,0.08041,0.08216,3.75150914E8,0.08537600000000001,0.08477420000000001,,0.08505143535214116,-0.00476573971700231,
1.677456E12,0.08217,0.08231,0.07992,0.08136,5.35217985E8,0.08500650000000001,0.08474840000000002,,0.08474478471597341,-0.002891435352141161,
1.6775424E12,0.08136,0.08312,0.0799,0.08085,7.829562E8,0.08444800000000001,0.08471650000000004,,0.08469805767991612,-0.0033847847159734074,
1.6776288E12,0.08085,0.08284,0.08023,0.08193,4.49680442E8,0.08398150000000001,0.08475470000000003,,0.08438388354619199,-0.0038480576799161115,
1.6777152E12,0.08193,0.08226,0.07959,0.08056,3.96580116E8,0.08400600000000001,0.08482740000000001,,0.08372864590075242,-0.0024538835461919845,
1.6778016E12,0.08057,0.08062,0.0732,0.07684,1.39161848E9,0.08398950000000002,0.08484540000000002,,0.08311949735012382,-0.003168645900752415,
1.677888E12,0.07684,0.07727,0.07255,0.07462,6.46573785E8,0.08371900000000002,0.08479410000000001,,0.08220461108730881,-0.006279497350123814,
1.6779744E12,0.07462,0.07612,0.07429,0.07474,4.73247429E8,0.08334250000000001,0.08472570000000001,,0.0804520258139381,-0.007584611087308804,
1.6780608E12,0.07475,0.07515,0.07316,0.07479,6.01290505E8,0.08297500000000001,0.08457810000000002,,0.0784917239734107,-0.005712025813938093,
1.6781472E12,0.0748,0.07597,0.07234,0.07407,7.15751875E8,0.0825345,0.0844367,,0.0772025391818706,-0.0037017239734107033,
1.6782336E12,0.07407,0.07432,0.07,0.07112,7.10430111E8,0.081774,0.08419060000000002,,0.07612496531812202,-0.0031325391818706055,
1.67832E12,0.07112,0.0723,0.06393,0.06595,1.514038685E9,0.0810855,0.08395050000000001,,0.07492713607642935,-0.005004965318122015,
1.6784064E12,0.06597,0.06618,0.06253,0.06572,1.320901834E9,0.0799975,0.08359540000000003,,0.07342215785230148,-0.00897713607642936,
1.6784928E12,0.06572,0.06821,0.06324,0.06604,1.096354085E9,0.0788425,0.08318490000000005,,0.07186069373393639,-0.0077021578523014805,
1.6785792E12,0.06604,0.07082,0.06516,0.07051,9.50190978E8,0.077796,0.08282780000000002,,0.0705412440463938,-0.005820693733936386,
1.6786656E12,0.07051,0.07353,0.06814,0.07279,1.28514236E9,0.076907,0.08251190000000001,,0.06935463546317729,-3.12440463937913E-5,
1.678752E12,0.07279,0.07762,0.07108,0.07456,1.50761017E9,0.07627350000000002,0.0822428,,0.06918882249808757,0.0034353645368227076,
1.6788384E12,0.07455,0.07589,0.06735,0.06963,1.326712138E9,0.0757265,0.0819478,,0.0693152202864281,0.005371177501912433,
1.6789248E12,0.06964,0.07407,0.06868,0.07256,8.42159396E8,0.0749955,0.0816292,,0.06922784697178712,3.1477971357189716E-4,
1.6790112E12,0.07256,0.07724,0.07143,0.07642,1.234974838E9,0.07457749999999999,0.08135289999999998,,0.06920758757457182,0.003332153028212881,
1.6790976E12,0.07642,0.0789,0.07234,0.07295,1.383588746E9,0.074361,0.0811596,,0.06960225445457145,0.00721241242542818,
1.679184E12,0.07296,0.07652,0.07295,0.0745,8.18390779E8,0.0739005,0.08090439999999999,,0.07023950369710269,0.0033477455454285487,
1.6792704E12,0.07451,0.07557,0.07035,0.07137,1.079402871E9,0.0735575,0.08068239999999999,,0.07072857444543412,0.004260496302897307,
1.6793568E12,0.07136,0.07788,0.07031,0.0766,1.54465503E9,0.0730835,0.08043289999999999,,0.07115682133953498,6.414255545658804E-4,
1.6794432E12,0.07661,0.0781,0.07137,0.07385,1.912919819E9,0.07281699999999999,0.08027229999999998,,0.07199372597533549,0.005443178660465023,
1.6795296E12,0.07385,0.07922,0.07294,0.07736,1.770056622E9,0.07248149999999999,0.08010789999999997,,0.07305418704936771,0.0018562740246645115,
1.679616E12,0.07736,0.07749,0.07295,0.07453,8.36571352E8,0.07250749999999999,0.07997099999999997,,0.07401530596341263,0.004305812950632287,
1.6797024E12,0.07453,0.07597,0.07244,0.07402,6.58593695E8,0.072503,0.07983389999999999,,0.07496521471535177,5.146940365873681E-4,
1.6797888E12,0.07401,0.07558,0.07334,0.07436,4.80451959E8,0.07246699999999999,0.0797256,,0.07555217022818721,-9.452147153517637E-4,
1.6798752E12,0.07436,0.07639,0.07124,0.07287,1.127427328E9,0.0724455,0.07971229999999999,,0.07579789724641317,-0.0011921702281872115,
1.6799616E12,0.07289,0.07404,0.07165,0.07381,6.44358903E8,0.0723855,0.07964909999999999,,0.0757475076855306,-0.0029278972464131664,
1.680048E12,0.07381,0.07692,0.07351,0.07557,1.004337728E9,0.07252,0.07960249999999998,,0.07566495901451668,-0.0019375076855305956,
1.6801344E12,0.07557,0.07685,0.07327,0.07422,8.27561063E8,0.073001,0.07964489999999999,,0.07574938968762891,-9.495901451668509E-5,
1.6802208E12,0.07421,0.07789,0.0734,0.07695,8.38503016E8,0.07342599999999999,0.07963879999999998,,0.07566592992877552,-0.0015293896876289181,
1.6803072E12,0.07695,0.085,0.07586,0.08181,1.854882421E9,0.0739715,0.07967089999999999,,0.07545173023364259,0.001284070071224483,
1.6803936E12,0.08181,0.08559,0.07724,0.07903,2.199172283E9,0.07453649999999998,0.0797205,,0.07559084573371655,0.006358269766357408,
1.68048E12,0.07903,0.105,0.076,0.096,8.818532284E9,0.07484849999999998,0.0797387,,0.07590429741547315,0.0034391542662834534,
1.6805664E12,0.09601,0.1035,0.09219,0.09512,7.327021779E9,0.07592049999999999,0.0799235,,0.07760488762666805,0.02009570258452685,
1.6806528E12,0.0951,0.09917,0.09055,0.09267,3.340986573E9,0.077195,0.0801149,,0.08058248841085969,0.017515112373331948,
1.6807392E12,0.09268,0.09275,0.08415,0.08541,3.27811328E9,0.0782005,0.08028479999999999,,0.08341417803733246,0.012087511589140315,
1.6808256E12,0.08541,0.0862,0.08113,0.08222,2.228211181E9,0.07865,0.08040169999999999,,0.08523440297194701,0.0019958219626675378,
1.680912E12,0.08222,0.08383,0.08035,0.08134,1.218517909E9,0.0791135,0.0805199,,0.08601824871578448,-0.0030144029719470083,
1.6809984E12,0.08135,0.08393,0.08107,0.08318,9.22447755E8,0.0794555,0.08062390000000003,,0.0861737594499858,-0.004678248715784483,
1.6810848E12,0.08318,0.08541,0.08225,0.08473,9.48759612E8,0.080046,0.0807717,,0.08665461764633543,-0.0029937594499857972,
1.6811712E12,0.08474,0.08607,0.08359,0.08408,1.001623427E9,0.08045250000000001,0.08091650000000002,,0.08709882281133997,-0.001924617646335433,
1.6812576E12,0.08409,0.0851,0.08036,0.08346,1.733885327E9,0.080964,0.08105490000000001,,0.0871212725571958,-0.0030188228113399718,
1.681344E12,0.08346,0.08886,0.08279,0.08729,1.824584606E9,0.081269,0.08117550000000001,,0.08712325625553258,-0.0036612725571957966,
1.6814304E12,0.08729,0.09138,0.08527,0.08866,2.129880806E9,0.08190700000000001,0.08134350000000001,,0.08709454988257796,1.6674374446742912E-4,
1.6815168E12,0.08866,0.09057,0.08714,0.08888,8.73116413E8,0.082639,0.08149900000000003,,0.08759627652586471,0.0015654501174220403,
1.6816032E12,0.08889,0.09183,0.0875,0.09043,1.204599668E9,0.08336500000000001,0.08167260000000003,,0.08770191392494321,0.001283723474135287,
1.6816896E12,0.09043,0.09488,0.08807,0.09137,2.941097287E9,0.084243,0.0818528,,0.08800062765692333,0.002728086075056785,
1.681776E12,0.09137,0.095,0.08974,0.09411,1.670819556E9,0.085121,0.08204460000000001,,0.08805855975629862,0.0033693723430766737,
1.6818624E12,0.09412,0.09413,0.0842,0.08788,2.75769646E9,0.086048,0.08224940000000001,,0.08844746695305929,0.006051440243701384,
1.6819488E12,0.08787,0.0935,0.08251,0.08389,4.572088496E9,0.086731,0.08237160000000002,,0.08856972229919616,-5.674669530592868E-4,
1.6820352E12,0.0839,0.0847,0.0762,0.07842,2.208532603E9,0.087078,0.08243230000000003,,0.08792397907376465,-0.004679722299196151,
1.6821216E12,0.07842,0.08101,0.07817,0.08028,8.07742799E8,0.08690849999999999,0.08243510000000001,,0.08679992595673304,-0.009503979073764643,
1.682208E12,0.08029,0.08083,0.07651,0.07878,7.76127337E8,0.08697099999999999,0.0824354,,0.08553766224916252,-0.006519925956733036,
1.6822944E12,0.07876,0.08,0.07715,0.07873,8.35608693E8,0.08610999999999999,0.08237820000000001,,0.08440431465400243,-0.0067576622491625216,
1.6823808E12,0.07875,0.07996,0.07752,0.07976,6.49768816E8,0.08529049999999998,0.08229260000000002,,0.08359984711829284,-0.005674314654002435,
1.6824672E12,0.07976,0.08358,0.0748,0.07859,1.88166838E9,0.084645,0.08222940000000004,,0.08307610798634943,-0.003839847118292841,
1.6825536E12,0.07859,0.081,0.07837,0.08014,1.030067337E9,0.08430399999999998,0.08217850000000002,,0.08252163557835773,-0.004486107986349436,
1.68264E12,0.08013,0.08074,0.07892,0.08033,4.90310858E8,0.0842,0.08215140000000001,,0.08259935865152919,-0.0023816355783577298,
1.6827264E12,0.08033,0.08197,0.08019,0.08157,5.90694438E8,0.08414949999999999,0.0821547,,0.08162023013460656,-0.002269358651529191,
1.6828128E12,0.08157,0.08174,0.07923,0.07951,5.85421236E8,0.084069,0.0821543,,0.0805484456118854,-5.023013460656034E-5,
1.6828992E12,0.0795,0.08003,0.07733,0.07882,6.87515788E8,0.08380800000000001,0.08208770000000001,,0.07934188187197756,-0.0010384456118854024,
1.6829856E12,0.07882,0.0791,0.07754,0.07876,4.29294264E8,0.08354500000000001,0.08202920000000002,,0.0783958727866895,-5.218818719775614E-4,
1.683072E12,0.07876,0.08072,0.07711,0.07962,6.66847319E8,0.08331,0.08193440000000002,,0.07776896111475459,3.641272133105E-4,
1.6831584E12,0.07961,0.0797,0.07794,0.07838,5.21626133E8,0.0829265,0.08184550000000002,,0.07751807177146208,0.001851038885245404,
1.6832448E12,0.07837,0.08147,0.07705,0.08017,7.51560591E8,0.0824125,0.08179010000000002,,0.07736933147566491,8.619282285379226E-4,
1.6833312E12,0.08017,0.08049,0.07566,0.07672,8.66161917E8,0.081977,0.08172640000000002,,0.07736912662294902,0.0028006685243350954,
1.6834176E12,0.07672,0.07756,0.07617,0.07652,4.40286253E8,0.08129149999999999,0.08163030000000003,,0.07752825440734258,-6.491266229490256E-4,
1.683504E12,0.07652,0.07711,0.06982,0.07239,1.086840054E9,0.080549,0.08152320000000003,,0.07775104847559212,-0.0010082544073425764,
1.6835904E12,0.07239,0.07333,0.07206,0.0731,5.813365E8,0.07946299999999998,0.08136980000000003,,0.07759476053287594,-0.005361048475592128,
1.6836768E12,0.0731,0.0747,0.07033,0.07312,8.30157442E8,0.07872399999999999,0.08119990000000003,,0.07719985524840156,-0.004494760532875938,
1.6837632E12,0.07312,0.07317,0.06908,0.07193,7.86571281E8,0.07818549999999999,0.08104740000000003,,0.0768998087520833,-0.0040798552484015566,
1.6838496E12,0.07193,0.07275,0.06933,0.07235,9.77393789E8,0.07786099999999999,0.08080550000000004,,0.07638168032046173,-0.0049698087520833045,
1.683936E12,0.07235,0.0724,0.0713,0.07167,3.31390133E8,0.07746449999999998,0.08058870000000004,,0.07561303475223843,-0.004031680320461736,
1.6840224E12,0.07168,0.07265,0.07111,0.07196,2.39907331E8,0.07710899999999998,0.08039550000000004,,0.07433210340900667,-0.003943034752238436,
1.6841088E12,0.07195,0.07368,0.07084,0.07191,5.01437549E8,0.07677049999999999,0.08018580000000006,,0.07320525789119302,-0.002372103409006676,
1.6841952E12,0.0719,0.07325,0.07087,0.07275,3.56844405E8,0.07637799999999999,0.07994820000000005,,0.07226137408475997,-0.0012952578911930163,
1.6842816E12,0.07276,0.07547,0.07228,0.07483,7.63341382E8,0.076086,0.07975540000000006,,0.07183332601928726,4.886259152400291E-4,
1.684368E12,0.07484,0.07492,0.07161,0.07344,7.92415671E8,0.07582049999999999,0.07960820000000006,,0.07158725206180384,0.0029966739807127385,
1.6844544E12,0.07344,0.07406,0.073,0.0735,3.35992593E8,0.07547599999999997,0.07941730000000005,,0.07161306587026578,0.0018527479381961615,
1.6845408E12,0.07351,0.07389,0.07306,0.07361,2.03083357E8,0.07507249999999999,0.07925050000000006,,0.07168702418261524,0.0018869341297342163,
1.6846272E12,0.07362,0.074,0.07198,0.07212,3.13624488E8,0.07477749999999998,0.07917220000000005,,0.07181137753053811,0.0019229758173847505,
1.6847136E12,0.07212,0.07402,0.07071,0.07291,4.61513189E8,0.07444249999999998,0.07908450000000004,,0.07204104833583332,3.086224694618944E-4,
1.6848E12,0.07292,0.07396,0.07241,0.07289,3.34965527E8,0.07415,0.07899110000000005,,0.07219869605489684,8.689516641666867E-4,
1.6848864E12,0.07288,0.07289,0.06931,0.07064,6.30159786E8,0.07381349999999999,0.07889850000000007,,0.07243954944161485,6.913039451031527E-4,
1.6849728E12,0.07065,0.07116,0.06856,0.07088,4.86062691E8,0.07342649999999999,0.07878400000000005,,0.07240238811220953,-0.0017995494416148533,
1.6850592E12,0.07087,0.07137,0.0703,0.07097,4.08192832E8,0.072962,0.07865680000000005,,0.0723430652389414,-0.0015223881122095329,
1.6851456E12,0.07097,0.07344,0.0707,0.07255,3.69096577E8,0.0726745,0.07847370000000005,,0.0723554579776507,-0.001373065238941401,
1.685232E12,0.07255,0.07396,0.07186,0.07352,4.34942386E8,0.07247600000000001,0.07835030000000004,,0.07247766687084267,1.9454202234930884E-4,
1.6853184E12,0.07353,0.074,0.07261,0.07313,3.10287767E8,0.07253249999999999,0.07820840000000005,,0.07265126811864807,0.0010423331291573301,
1.6854048E12,0.07313,0.07346,0.07198,0.07231,4.65392836E8,0.072534,0.07805150000000004,,0.07286218564985165,4.78731881351932E-4,
1.6854912E12,0.07231,0.07268,0.07051,0.07165,3.77200792E8,0.07249350000000002,0.07790490000000004,,0.07268715387399399,-5.521856498516553E-4,
1.6855776E12,0.07165,0.07219,0.07071,0.07142,3.37422502E8,0.0724795,0.07773850000000004,,0.07249579905667564,-0.0010371538739939873,
1.685664E12,0.07143,0.07331,0.0709,0.07256,3.86392712E8,0.072433,0.07759810000000004,,0.07211941028518955,-0.0010757990566756387,
1.6857504E12,0.07257,0.07298,0.07217,0.0727,2.13922814E8,0.0724775,0.07746870000000004,,0.07206089759870186,4.4058971481045206E-4,
1.6858368E12,0.07271,0.07334,0.07232,0.07249,2.732847E8,0.07251450000000001,0.07735320000000004,,0.07204135633538801,6.391024012981361E-4,
1.6859232E12,0.07249,0.07269,0.06311,0.0664,1.393290604E9,0.07254350000000001,0.07726890000000004,,0.07199695565259381,4.48643664611989E-4,
1.6860096E12,0.0664,0.07199,0.06585,0.07025,1.170265603E9,0.07222600000000001,0.07712540000000004,,0.07159567936046315,-0.005596955652593813,
1.686096E12,0.07025,0.07032,0.06668,0.06728,6.87833819E8,0.071997,0.07700630000000004,,0.07103106452858099,-0.0013456793604631478,
1.6861824E12,0.06728,0.0685,0.06698,0.06796,3.66934419E8,0.07168899999999999,0.07686550000000004,,0.07063163171330314,-0.003751064528580983,
1.6862688E12,0.06796,0.07119,0.06729,0.06947,6.64528733E8,0.071412,0.07673660000000004,,0.07011803925102718,-0.0026716317133031325,
1.6863552E12,0.06947,0.07196,0.053,0.06175,2.781711103E9,0.07120499999999999,0.07661200000000004,,0.06985093339624047,-6.480392510271743E-4,
1.6864416E12,0.06175,0.06289,0.06092,0.06151,5.80462318E8,0.0706865,0.07642390000000003,,0.06915310754249474,-0.008100933396240476,
1.686528E12,0.06152,0.0617,0.05975,0.06143,4.85251023E8,0.0701165,0.07627060000000002,,0.06774845399741553,-0.007643107542494733,
1.6866144E12,0.06144,0.06284,0.06006,0.06175,4.69560125E8,0.0695435,0.07613870000000003,,0.06644548890290725,-0.006318453997415527,
1.6867008E12,0.06174,0.06219,0.05811,0.06038,6.42700404E8,0.069099,0.07600880000000003,,0.06520851852744272,-0.004695488902907247,
1.6867872E12,0.06038,0.062,0.05975,0.06153,5.34409612E8,0.06857400000000001,0.07586470000000003,,0.06394297741256244,-0.004828518527442718,
1.6868736E12,0.06154,0.06282,0.06069,0.06219,5.01181424E8,0.06810200000000001,0.07573930000000004,,0.06286862736583958,-0.0024129774125624393,
1.68696E12,0.06219,0.06297,0.06166,0.0622,3.58515676E8,0.067584,0.07565000000000004,,0.06197974284856419,-6.78627365839575E-4,
1.6870464E12,0.0622,0.06399,0.06107,0.06212,6.1614852E8,0.06701800000000001,0.07561250000000003,,0.06124228965452064,2.2025715143580982E-4,
1.6871328E12,0.06212,0.06285,0.06151,0.06245,3.13699473E8,0.06646750000000001,0.07557650000000003,,0.0608262482030143,8.777103454793642E-4,
1.6872192E12,0.06244,0.06314,0.06074,0.06313,4.38420606E8,0.06597449999999999,0.07554060000000004,,0.060615733061590404,0.0016237517969856993,
1.6873056E12,0.06314,0.06677,0.06284,0.06561,9.48481988E8,0.06554849999999998,0.07546680000000004,,0.060678755611437346,0.002514266938409601,
1.687392E12,0.06562,0.06938,0.06502,0.06555,9.9822287E8,0.06525799999999998,0.07539500000000005,,0.06101771917920087,0.004931244388562656,
1.6874784E12,0.06556,0.07013,0.06525,0.06823,7.8032708E8,0.06490749999999998,0.07530490000000004,,0.06155075550734109,0.00453228082079913,
1.6875648E12,0.06823,0.06843,0.06505,0.06669,6.38939181E8,0.06468399999999999,0.07529090000000004,,0.062348197824291934,0.006679244492658908,
1.6876512E12,0.06669,0.068,0.06635,0.06672,3.78779847E8,0.06439399999999998,0.07523220000000004,,0.06331941264181269,0.004341802175708065,
1.6877376E12,0.06672,0.06681,0.06319,0.06474,7.10375009E8,0.06441,0.07513520000000003,,0.06424907741338168,0.0034005873581873097,
1.687824E12,0.06474,0.06579,0.06433,0.06556,4.77097877E8,0.06413450000000001,0.07505310000000004,,0.06504845661427922,4.909225866183281E-4,
1.6879104E12,0.06557,0.06596,0.06013,0.06257,7.0002559E8,0.0640485,0.07496370000000002,,0.06560138494257563,5.11543385720778E-4,
1.6879968E12,0.06257,0.0641,0.06241,0.06342,4.50376389E8,0.063779,0.07487570000000003,,0.06582597356726676,-0.0030313849425756267,
1.6880832E12,0.06342,0.06698,0.06101,0.06646,1.114226909E9,0.06347650000000002,0.07474390000000002,,0.06568702271755715,-0.002405973567266753,
1.6881696E12,0.06646,0.0728,0.06641,0.06851,1.480878387E9,0.063712,0.07467000000000001,,0.06615483926529225,7.729772824428549E-4,
1.688256E12,0.06851,0.0692,0.066,0.06801,9.45225786E8,0.06406200000000001,0.07458150000000002,,0.06655666024097276,0.002355160734707748,
1.6883424E12,0.06801,0.06878,0.06721,0.06845,5.66630919E8,0.064391,0.07451630000000002,,0.06709378508368381,0.0014533397590272418,
1.6884288E12,0.06845,0.07186,0.06764,0.0689,1.051878193E9,0.06472599999999999,0.07446060000000002,,0.0673678319163872,0.001356214916316184,
1.6885152E12,0.06891,0.06936,0.06558,0.06701,5.92363243E8,0.065152,0.07440600000000003,,0.06727934044432667,0.0015321680836127977,
1.6886016E12,0.06697,0.06858,0.06466,0.06485,6.20315296E8,0.065426,0.07434740000000001,,0.0674581396894362,-2.693404443266656E-4,
1.688688E12,0.06484,0.06587,0.0641,0.0654,4.10024265E8,0.06555899999999999,0.07425780000000001,,0.06730183626240499,-0.002608139689436198,
1.6887744E12,0.0654,0.06608,0.06474,0.06573,2.78674788E8,0.065719,0.07415610000000002,,0.06699327783140518,-0.0019018362624049906,
1.6888608E12,0.06573,0.06636,0.0651,0.06536,2.79080489E8,0.0658995,0.07407120000000002,,0.06669326848684033,-0.001263277831405188,
1.6889472E12,0.06537,0.06656,0.06326,0.06523,6.16363367E8,0.06604499999999999,0.07395530000000002,,0.06651122473557831,-0.0013332684868403305,
1.6890336E12,0.06523,0.06551,0.06437,0.06528,3.13014382E8,0.06615,0.07378950000000001,,0.06625430868774611,-0.001281224735578318,
1.68912E12,0.06529,0.0657,0.06365,0.06503,3.12404127E8,0.0661335,0.07365200000000001,,0.06598056311243851,-9.743086877461032E-4,
1.6892064E12,0.06504,0.07168,0.06455,0.07042,1.572353798E9,0.0661075,0.0733423,,0.06574423983483359,-9.505631124385044E-4,
1.6892928E12,0.07042,0.07311,0.06612,0.06849,1.5019305E9,0.066217,0.0730953,,0.06596742749769478,0.004675760165166409,
1.6893792E12,0.06848,0.07522,0.06769,0.07197,2.333412778E9,0.06630699999999998,0.0728535,,0.06651924812156862,0.002522572502305212,
1.6894656E12,0.07196,0.07221,0.06891,0.06952,9.30666895E8,0.06656949999999999,0.07271910000000001,,0.06723664282413046,0.005450751878431387,
1.689552E12,0.06951,0.07325,0.06752,0.06982,1.103083153E9,0.06680849999999999,0.0725921,,0.06788851358769075,0.002283357175869541,
1.6896384E12,0.06982,0.07032,0.06703,0.06866,5.88900425E8,0.0670215,0.07247690000000001,,0.06839010104563666,0.0019314864123092385,
1.6897248E12,0.06867,0.07235,0.06823,0.07003,9.41079033E8,0.06732600000000001,0.07233170000000003,,0.06855810516900414,2.698989543633429E-4,
1.6898112E12,0.07004,0.0739,0.06926,0.07062,1.394548088E9,0.06765650000000001,0.07218470000000002,,0.06875354618282438,0.0014718948309958568,
1.6898976E12,0.07061,0.07688,0.07026,0.07322,1.714323052E9,0.06786450000000001,0.07205010000000002,,0.06899942897431914,0.0018664538171756229,
1.689984E12,0.07322,0.0733,0.07017,0.07171,5.86826901E8,0.0681,0.0719477,,0.06957336123369418,0.004220571025680853,
