date,open,high,low,close,volume,SMA20,SMA100,Savgol,NoiseSavgol,
1.6269984E12,2024.27,2130.9,1993.22,2124.25,708160.91322,,,,,
1.6270848E12,2124.26,2199.5,2105.58,2184.75,633075.18592,,,,,
1.6271712E12,2184.9,2197.41,2105.93,2189.79,535630.27,,,,,
1.6272576E12,2189.82,2433.65,2171.57,2228.08,1393738.163,,,,,
1.627344E12,2227.81,2319.26,2150.5,2299.49,906359.23478,,,,,
1.6274304E12,2299.47,2345.0,2243.15,2300.9,718202.57727,,,,,
1.6275168E12,2300.9,2400.0,2266.12,2382.92,499364.83496,,,,,
1.6276032E12,2382.93,2471.7,2315.92,2461.81,762577.28797,,,,,
1.6276896E12,2461.77,2553.86,2420.68,2531.05,507601.05026,,,,,
1.627776E12,2531.1,2697.61,2511.24,2555.69,853495.94078,,,,,
1.6278624E12,2555.5,2666.0,2507.0,2606.93,726701.84952,,,,,
1.6279488E12,2606.92,2632.44,2442.32,2509.04,792960.84375,,,,,
1.6280352E12,2508.51,2772.71,2457.68,2724.78,954590.7536,,,,,
1.6281216E12,2724.55,2843.98,2529.91,2826.99,1307720.20654,,,,,
1.628208E12,2827.01,2946.75,2720.06,2891.58,825399.48637,,,,,
1.6282944E12,2891.54,3171.0,2865.5,3160.31,1205277.10095,,,,,
1.6283808E12,3160.48,3189.99,2949.03,3011.85,966349.70579,,,,,
1.6284672E12,3011.84,3186.0,2893.23,3160.52,1129584.61614,,,,,
1.6285536E12,3160.51,3233.0,3051.22,3141.66,880675.74443,,,,,
1.62864E12,3141.14,3274.0,3120.27,3160.5,732546.60433,,,,,
1.6287264E12,3160.4,3239.0,2979.29,3045.96,737628.45808,2622.6444999999994,,,,
1.6288128E12,3046.11,3327.83,3033.8,3322.32,579333.40323,2668.73,,,,
1.6288992E12,3322.33,3330.98,3200.0,3263.16,486102.53787,2725.6085,,,,
1.6289856E12,3263.16,3320.0,3111.13,3307.09,565579.67765,2779.2769999999996,,,,
1.629072E12,3307.35,3335.0,3135.22,3146.53,635667.05422,2833.2275,,,,
1.6291584E12,3147.18,3290.0,2991.89,3011.72,804996.06971,2875.5795,,,,
1.6292448E12,3011.73,3125.81,2950.0,3014.55,625103.25568,2911.1205,,,,
1.6293312E12,3014.18,3188.0,2958.33,3184.12,634769.92174,2942.702,,,,
1.6294176E12,3184.11,3300.0,3177.16,3284.82,558127.4554,2978.8175,,,,
1.629504E12,3284.81,3309.16,3207.0,3223.43,421156.09084,3016.506,,,,
1.6295904E12,3223.36,3272.0,3126.42,3238.0,406479.07654,3049.8930000000005,,,,
1.6296768E12,3238.0,3377.89,3230.02,3321.28,602103.44614,3081.4465,,,,
1.6297632E12,3321.28,3357.85,3147.31,3170.62,540480.07853,3122.0585,,,,
1.6298496E12,3170.63,3248.0,3080.0,3226.87,483697.69444,3144.3505000000005,,,,
1.629936E12,3226.88,3250.0,3053.3,3093.2,442298.47372,3164.3445,,,,
1.6300224E12,3093.06,3280.0,3060.18,3273.45,451027.80711,3174.4255000000003,,,,
1.6301088E12,3273.89,3287.0,3210.31,3244.48,262360.34921,3180.0825,,,,
1.6301952E12,3244.75,3285.0,3152.34,3223.47,335806.7827,3191.714,,,,
1.6302816E12,3223.47,3347.95,3143.0,3229.64,625347.27541,3194.8615,,,,
1.630368E12,3229.14,3476.0,3188.77,3429.2,863071.13092,3199.2605,,,,
1.6304544E12,3429.19,3842.0,3382.22,3826.82,845759.95868,3212.6955,,,,
1.6305408E12,3826.82,3836.8,3717.04,3785.82,525165.7996,3251.7385,,,,
1.6306272E12,3785.82,4027.88,3705.05,3938.11,655903.75739,3274.9134999999997,,,,
1.6307136E12,3938.11,3970.0,3832.5,3885.52,364478.1193,3308.660999999999,,,,
1.6308E12,3885.61,3980.0,3830.0,3950.29,365759.8597,3337.5824999999995,,,,
1.6308864E12,3950.28,3970.0,3864.3,3926.77,397768.5783,3377.7704999999996,,,,
1.6309728E12,3926.67,3947.15,3005.0,3434.57,1203536.00209,3423.5229999999997,,,,
1.6310592E12,3434.84,3560.0,3215.16,3499.0,780611.7657,3444.524,,,,
1.6311456E12,3499.01,3567.06,3390.4,3424.93,628553.8831,3460.268,,,,
1.631232E12,3424.94,3514.11,3150.0,3208.86,633026.2659,3467.2734999999993,,,,
1.6313184E12,3208.85,3348.37,3200.0,3267.21,413524.1761,3466.5449999999996,,3702.5445283693343,,
1.6314048E12,3267.1,3474.16,3231.1,3404.21,408858.9595,3468.0055,,3652.2756173508933,-435.3345283693343,
1.6314912E12,3404.3,3430.3,3108.49,3285.35,647855.7199,3472.1520000000005,,3617.775809032544,-248.06561735089326,
1.6315776E12,3285.09,3437.05,3269.95,3434.37,373634.9026,3477.8885,,3572.4464462219853,-332.4258090325443,
1.631664E12,3434.37,3616.16,3357.78,3613.55,428507.5278,3488.2634999999996,,3518.469691383559,-138.0764462219854,
1.6317504E12,3613.55,3676.28,3481.14,3567.98,467985.4919,3514.281,,3490.2782806337914,95.08030861644102,
1.6318368E12,3567.97,3594.17,3350.07,3399.81,398888.3705,3529.0074999999997,,3470.3075383312494,77.70171936620864,
1.6319232E12,3399.89,3541.96,3368.88,3435.64,315162.7627,3536.774,,3427.3063504438114,-70.49753833124942,
1.6320096E12,3435.64,3456.53,3277.74,3328.62,312948.0013,3547.3825000000006,,3388.1498462411664,8.333649556188448,
1.632096E12,3328.57,3347.82,2913.39,2977.28,917939.57849,3552.3315000000002,,3345.693220337493,-59.529846241166524,
1.6321824E12,2977.32,3105.83,2652.0,2765.9,971519.88941,3529.7355000000002,,3291.519562313867,-368.41322033749293,
1.6322688E12,2766.72,3088.88,2737.54,3076.92,677457.64825,3476.6895000000004,,3196.926161369386,-525.6195623138669,
1.6323552E12,3076.92,3174.5,3033.85,3152.5,459293.8858,3441.2445,,3126.722925306598,-120.00616136938606,
1.6324416E12,3152.41,3158.52,2733.0,2928.53,932090.8856,3401.964,,3106.3233753396817,25.777074693402028,
1.632528E12,2928.22,2967.52,2801.57,2921.73,491974.0226,3354.1145000000006,,3099.747451820534,-177.79337533968146,
1.6326144E12,2921.84,3115.51,2738.17,3059.37,703594.478,3302.6865,,3085.792632892562,-178.017451820534,
1.6327008E12,3059.36,3164.94,2922.71,2925.59,510130.7319,3259.3165,,3064.5297673930913,-26.42263289256198,
1.6327872E12,2924.76,2970.82,2789.0,2804.91,511325.4643,3233.8675000000003,,3052.5353852837625,-138.9397673930912,
1.6328736E12,2805.15,2950.0,2782.0,2850.45,411305.0893,3199.1630000000005,,3012.1620655150687,-247.62538528376263,
1.63296E12,2850.45,3048.42,2837.19,3000.61,506896.7612,3170.439,,2967.395547596781,-161.71206551506884,
1.6330464E12,3000.62,3330.0,2969.07,3309.91,648714.6151,3160.0265,,2925.1513852028015,33.214452403219184,
1.6331328E12,3309.91,3469.0,3257.0,3387.76,422551.1811,3162.1615000000006,,2906.0327007768014,384.75861479719833,
1.6332192E12,3387.77,3488.0,3342.51,3417.73,360586.8905,3161.3390000000004,,2948.0630660485617,481.72729922319877,
1.6333056E12,3417.73,3437.19,3270.0,3386.31,485204.642,3167.958000000001,,2994.9390438519667,469.6669339514383,
1.633392E12,3386.31,3545.0,3363.78,3515.27,393900.8818,3165.5550000000003,,3047.52641747986,391.3709561480332,
1.6334784E12,3515.48,3632.11,3342.0,3574.89,618265.5402,3160.641,,3128.623291373536,467.7435825201401,
1.6335648E12,3574.88,3653.98,3470.8,3587.47,486102.3591,3160.9865,,3226.345650811088,446.2667086264637,
1.6336512E12,3587.47,3695.0,3532.0,3563.13,403597.1437,3170.3695,,3320.8080603304957,361.12434918891176,
1.6337376E12,3563.13,3635.0,3538.07,3574.82,361906.7514,3176.7439999999997,,3423.399756593102,242.32193966950445,
1.633824E12,3574.83,3604.0,3405.0,3414.22,580223.6302,3189.0539999999996,,3510.66987916642,151.42024340689795,
1.6339104E12,3414.22,3623.8,3371.0,3542.12,493521.882,3210.901,,3560.1335087226153,-96.44987916642003,
1.6339968E12,3542.12,3547.11,3403.21,3491.46,409377.1918,3249.712,,3590.126604404886,-18.01350872261537,
1.6340832E12,3491.43,3613.0,3412.7,3607.42,393463.1222,3270.439,,3618.2459269118917,-98.66660440488613,
1.6341696E12,3607.41,3824.0,3586.04,3790.82,481894.1473,3293.185,,3626.9019648742456,-10.825926911891656,
1.634256E12,3790.82,3907.77,3734.1,3868.99,504321.732,3336.2995,,3641.784457844136,163.9180351257546,
1.6343424E12,3868.38,3971.0,3803.56,3829.96,373727.8549,3383.6625,,3686.26293106562,227.2055421558639,
1.6344288E12,3829.96,3919.19,3640.0,3846.85,368898.9831,3422.192,,3745.502776564638,143.69706893438024,
1.6345152E12,3847.0,3893.14,3676.0,3744.96,401819.9734,3468.2549999999997,,3773.6614000413274,101.34722343536168,
1.6346016E12,3744.96,3886.89,3732.0,3877.03,341268.3723,3515.2575000000006,,3775.991236292166,-28.70140004132736,
1.634688E12,3876.98,4169.0,3828.05,4161.15,537383.09732,3566.5865,,3787.081292465578,101.03876370783428,
1.6347744E12,4161.37,4375.0,4013.13,4052.99,798566.55805,3624.6134999999995,,3824.2921284017198,374.0687075344217,
1.6348608E12,4053.0,4167.41,3888.0,3972.2,463222.5428,3661.7674999999995,,3857.8332758313845,228.69787159828002,
1.6349472E12,3972.19,4172.0,3937.51,4167.12,326576.9601,3690.9894999999997,,3883.721965539304,114.36672416861529,
1.6350336E12,4167.13,4186.57,3961.5,4082.33,350115.8386,3728.459,,3931.166159085048,283.3980344606957,
1.63512E12,4082.33,4236.0,4067.71,4220.37,347438.6534,3763.2599999999993,,3992.916643701213,151.16384091495183,
1.6352064E12,4220.36,4297.0,4090.21,4131.52,414498.1599,3798.5149999999994,,4057.0194369887427,227.45335629878673,
1.6352928E12,4131.52,4307.0,3909.0,3922.0,704604.25,3826.3464999999997,,4104.325637206282,74.50056301125778,
1.6353792E12,3921.99,4295.0,3890.17,4286.02,626378.5055,3843.0729999999994,,4121.05722961362,-182.3256372062824,
1.6354656E12,4286.01,4460.47,4265.97,4418.89,559231.07691,3879.2175,,4142.53351573947,164.96277038638073,
1.635552E12,4418.89,4434.06,4232.2,4322.68,340223.069,3921.421,,4199.520231262289,276.3564842605301,
1.6356384E12,4322.68,4399.14,4164.35,4287.21,412856.2893,3966.844,3308.564100000001,4245.419445986316,123.1597687377116,
1.6357248E12,4287.48,4386.58,4146.3,4319.43,417620.7073,4004.098500000001,3330.193700000001,4269.9171559896295,41.790554013684414,
1.6358112E12,4319.43,4599.6,4284.43,4589.89,468184.79301,4045.4970000000003,3351.5405000000014,4284.721087367078,49.51284401037083,
1.6358976E12,4589.68,4665.87,4455.0,4603.35,448658.35125,4094.620500000001,3375.541500000001,4315.5526202178735,305.168912632922,
1.635984E12,4603.35,4606.65,4420.08,4532.32,368218.25695,4135.247000000001,3399.294200000001,4359.271505790566,287.7973797821269,
1.6360704E12,4532.31,4570.05,4438.8,4474.24,305651.7244,4168.413500000001,3421.6225000000013,4409.070070597464,173.04849420943356,
1.6361568E12,4474.24,4530.0,4326.17,4518.0,322154.0973,4200.6275000000005,3443.3559000000014,4440.528162850823,65.16992940253567,
1.6362432E12,4518.0,4637.98,4502.37,4612.59,243596.5952,4234.185000000001,3464.7067000000015,4476.746948809204,77.47183714917719,
1.6363296E12,4612.59,4822.97,4612.0,4807.98,391102.31806,4277.5665,3486.2145000000014,4517.481725852901,135.84305119079636,
1.636416E12,4807.98,4838.28,4713.89,4732.33,311267.57998,4324.114,3508.9838000000013,4564.387577396245,290.4982741470985,
1.6365024E12,4732.33,4868.0,4461.93,4628.78,553596.99163,4352.673,3530.7502000000013,4608.8683317517825,167.9424226037545,
1.6365888E12,4628.68,4779.0,4576.47,4719.0,303688.9765,4381.4625,3550.9687000000017,4638.425804396399,19.91166824821721,
1.6366752E12,4719.0,4809.71,4507.85,4665.46,461580.0415,4418.8025,3573.0683000000017,4662.5636093634275,80.57419560360086,
1.6367616E12,4665.47,4707.6,4584.08,4644.28,220720.6611,4443.7195,3592.475100000002,4698.020869801123,2.896390636572505,
1.636848E12,4644.27,4696.05,4514.12,4626.5,245309.0674,4471.817,3610.6480000000024,4720.8429644005055,-53.740869801123154,
1.6369344E12,4626.5,4772.01,4540.0,4563.78,375421.6601,4492.1235,3627.9972000000025,4714.929089741047,-94.34296440050548,
1.6370208E12,4563.77,4563.77,4103.0,4209.76,735857.063,4513.7365,3642.031900000002,4704.787478697593,-151.14908974104765,
1.6371072E12,4209.59,4299.91,4063.48,4287.8,472852.1842,4528.1245,3654.0110000000027,4669.942278174989,-495.0274786975924,
1.6371936E12,4288.07,4344.81,3956.44,3996.9,576945.1837,4528.2135,3665.2838000000024,4599.445541977501,-382.14227817498886,
1.63728E12,3996.9,4308.97,3973.01,4294.76,420045.0897,4507.114,3673.8362000000025,4519.740140327483,-602.5455419775012,
1.6373664E12,4294.75,4435.88,4199.86,4412.17,365584.578,4505.717999999999,3685.1788000000024,4431.266889030977,-224.98014032748233,
1.6374528E12,4412.17,4451.0,4242.41,4258.31,340206.3203,4511.9659999999985,3698.8409000000015,4382.763440115484,-19.096889030976854,
1.6375392E12,4259.7,4320.0,4022.74,4085.97,518501.3338,4508.909999999999,3708.2008000000014,4361.089232511928,-124.45344011548332,
1.6376256E12,4086.28,4385.59,4059.62,4339.44,502811.7902,4483.713999999999,3716.428900000001,4302.1046234872665,-275.11923251192775,
1.637712E12,4339.45,4373.94,4167.65,4269.36,448727.0306,4470.5185,3726.752400000001,4245.261001608167,37.33537651273309,
1.6377984E12,4270.1,4550.0,4248.27,4524.85,445868.2434,4457.3705,3737.9807000000005,4216.819329061187,24.098998391832538,
1.6378848E12,4524.48,4551.0,3913.0,4041.2,720245.1612,4459.901000000001,3753.112,4217.376076964686,308.0306709388133,
1.6379712E12,4041.2,4183.66,4028.34,4095.29,275326.5202,4436.061000000001,3763.3785000000003,4214.555790704857,-176.17607696468622,
1.6380576E12,4095.29,4298.51,3964.0,4294.78,346471.3551,4410.196,3772.4901999999997,4171.006657874688,-119.26579070485695,
1.638144E12,4294.77,4458.92,4276.89,4444.53,406881.2284,4384.536,3782.5897999999997,4150.540679054415,123.7733421253115,
1.6382304E12,4444.54,4753.0,4346.36,4630.26,743024.4662,4370.146,3794.800800000001,4168.026368063056,293.98932094558495,
1.6383168E12,4630.25,4778.75,4523.99,4582.95,508198.3105,4370.219999999999,3808.7234000000008,4224.483214549547,462.2336319369442,
1.6384032E12,4582.95,4634.83,4433.0,4511.21,451861.9545,4363.417499999999,3821.340100000001,4298.267164881184,358.46678545045324,
1.6384896E12,4511.35,4654.88,4032.5,4215.73,677974.8659,4355.705,3834.746000000001,4363.402421321774,212.94283511881622,
1.638576E12,4215.01,4238.59,3503.68,4117.25,1111773.1451,4334.277499999999,3844.634600000001,4386.311650542166,-147.6724213217749,
1.6386624E12,4117.25,4248.19,4031.39,4196.44,536325.4413,4308.815,3854.8751000000007,4380.842573649266,-269.0616505421658,
1.6387488E12,4196.44,4376.15,3921.0,4347.59,726742.9638,4290.448,3864.1050000000005,4377.832878564489,-184.40257364926674,
1.6388352E12,4347.57,4425.0,4255.92,4306.4,420749.751,4297.3395,3875.136100000001,4378.598170320693,-30.24287856448882,
1.6389216E12,4306.4,4450.49,4222.95,4436.91,429403.9351,4298.269499999999,3885.965400000001,4382.106699691493,-72.19817032069295,
1.639008E12,4436.91,4488.0,4076.16,4105.64,462173.711,4320.2699999999995,3898.038100000001,4383.035013718026,54.80330030850655,
1.6390944E12,4105.64,4231.08,3887.37,3897.94,563236.5671,4310.813999999999,3904.8025000000007,4357.989368246672,-277.39501371802544,
1.6391808E12,3898.31,4097.08,3828.22,4089.37,427853.4343,4285.1025,3905.5137000000004,4284.966720414357,-460.04936824667175,
1.6392672E12,4089.68,4173.63,3986.25,4130.0,260535.5157,4276.6555,3908.5492000000004,4231.814972214475,-195.59672041435715,
1.6393536E12,4130.0,4142.75,3671.45,3781.93,533467.2307,4278.856999999999,3910.4681000000005,4189.491002798526,-101.81497221447535,
1.63944E12,3781.92,3882.74,3685.0,3858.99,395145.7462,4250.981499999999,3909.4322,4153.555213341836,-407.56100279852626,
1.6395264E12,3858.99,4092.22,3643.73,4019.08,542068.0573,4230.463,3908.5191999999997,4083.358780276436,-294.56521334183617,
1.6396128E12,4019.54,4113.43,3942.11,3958.11,368780.031,4205.174499999999,3909.4423000000006,4021.7083996601214,-64.27878027643601,
1.6396992E12,3959.11,3994.1,3700.0,3875.42,463370.9225,4201.02,3914.6777,3980.644134302433,-63.59839966012123,
1.6397856E12,3875.43,3996.93,3767.01,3959.93,339593.2543,4190.026500000001,3918.4419,3952.315653731562,-105.22413430243296,
1.639872E12,3959.93,4032.43,3884.0,3924.14,306006.323,4173.284000000001,3923.7919,3914.3730973448983,7.614346268437657,
1.6399584E12,3924.14,3983.37,3753.0,3944.73,366916.4771,4147.264499999999,3930.9447000000005,3892.1378988463885,9.766902655101603,
1.6400448E12,3944.72,4063.0,3913.21,4014.15,340826.3553,4112.987999999999,3937.7199,3851.8725763239645,52.592101153611566,
1.6401312E12,4014.41,4074.87,3933.4,3979.51,303191.8076,4084.548,3943.8193000000006,3863.024133955447,162.2774236760356,
1.6402176E12,3979.51,4150.0,3893.23,4111.41,380207.8166,4057.962999999999,3950.7609000000007,3891.07816812311,116.4858660445534,
1.640304E12,4111.41,4134.84,4017.17,4046.36,230833.1661,4052.7469999999994,3957.5313000000006,3925.532403986863,220.33183187688974,
1.6403904E12,4046.35,4137.91,4018.62,4094.83,208126.8805,4049.2024999999994,3961.8594,3960.4599549012446,120.82759601313728,
1.6404768E12,4094.36,4105.0,4000.0,4063.56,189309.255,4044.1220000000003,3967.1279000000004,3977.8270156573053,134.37004509875533,
1.6405632E12,4063.57,4127.46,4031.0,4037.23,222225.3761,4029.9205,3973.7654,3991.532306266522,85.73298434269464,
1.6406496E12,4037.22,4037.23,3759.36,3792.75,358064.7163,4016.4620000000004,3979.7813000000006,3996.744357396086,45.69769373347799,
1.640736E12,3792.75,3827.78,3604.2,3630.19,302753.6375,3984.254,3984.422600000001,4000.327542837266,-203.9943573960859,
1.6408224E12,3630.18,3769.1,3585.0,3709.27,249263.7305,3960.4815000000003,3990.9517000000005,3984.7749002531314,-370.13754283726576,
1.6409088E12,3709.27,3815.0,3622.29,3676.23,268014.2942,3951.0480000000002,4000.385400000001,3960.1849592072645,-275.5049002531314,
1.6409952E12,3676.22,3776.45,3673.46,3765.54,154143.8968,3930.3910000000005,4006.3785000000007,3924.7617875588394,-283.95495920726444,
1.6410816E12,3765.54,3857.44,3717.3,3828.27,154791.4263,3912.167999999999,4012.5089000000007,3889.9913320703417,-159.22178755883942,
1.641168E12,3828.11,3853.09,3680.0,3765.89,236245.8586,3914.4849999999997,4021.5063000000005,3845.04582416023,-61.72133207034176,
1.6412544E12,3765.89,3900.73,3713.11,3785.11,288258.5549,3909.8299999999995,4029.9479000000006,3816.195000320459,-79.15582416023017,
1.6413408E12,3785.1,3848.0,3415.0,3540.63,397942.0363,3898.1315000000004,4037.2053,3801.4165640290416,-31.085000320458676,
1.6414272E12,3539.82,3550.43,3300.0,3406.81,496745.7413,3877.2575000000006,4043.3557,3757.280158250352,-260.78656402904153,
1.6415136E12,3406.81,3416.76,3064.42,3199.24,669631.7262,3853.827,4049.3747000000003,3678.916880924971,-350.47015825035214,
1.6416E12,3198.68,3250.0,3000.0,3080.95,400692.1061,3815.7925000000005,4052.8626,3605.7774301627323,-479.6768809249711,
1.6416864E12,3080.98,3211.72,3057.35,3151.97,275874.1643,3773.6330000000003,4053.6659999999997,3514.054905159154,-524.8274301627325,
1.6417728E12,3151.97,3185.0,2928.83,3082.68,529818.3866,3733.995,4052.0865999999996,3414.412013452492,-362.084905159154,
1.6418592E12,3082.87,3263.54,3051.8,3239.72,362446.7087,3687.4214999999995,4049.0357999999997,3326.576887715324,-331.7320134524921,
1.6419456E12,3239.73,3411.43,3206.2,3371.26,370465.8015,3650.4319999999993,4047.2556999999997,3262.8797838846317,-86.85688771532432,
1.642032E12,3371.6,3410.0,3233.43,3240.61,336234.8799,3613.4244999999987,4047.1051999999995,3226.229275090187,108.38021611536851,
1.6421184E12,3240.61,3342.79,3188.0,3307.42,285326.3505,3573.1369999999997,4044.358599999999,3204.865957702211,14.380724909813125,
1.6422048E12,3307.42,3371.64,3261.0,3326.04,203100.3778,3533.7664999999993,4041.683899999999,3190.546029215362,102.55404229778924,
1.6422912E12,3326.51,3393.6,3269.62,3346.88,210782.2277,3496.8905,4039.0695999999984,3188.2851380359266,135.4939707846379,
1.6423776E12,3346.89,3357.57,3141.1,3209.67,284063.6548,3462.3729999999996,4036.907099999999,3201.3179682438845,158.59486196407352,
1.642464E12,3209.68,3243.87,3082.0,3159.85,299134.2728,3433.219,4033.2555999999986,3202.017480153023,8.352031756115593,
1.6425504E12,3159.85,3174.87,3000.0,3084.02,332996.5703,3409.702,4030.711899999999,3196.804195468615,-42.16748015302301,
1.6426368E12,3084.02,3273.37,2987.15,3001.48,357596.7062,3378.4394999999995,4026.130899999999,3179.104589930695,-112.78419546861505,
1.6427232E12,3001.48,3034.12,2403.0,2568.15,1022021.70024,3344.7019999999998,4021.2310999999986,3149.3017794094576,-177.62458993069504,
1.6428096E12,2567.47,2626.0,2300.0,2412.18,1081357.54893,3284.8324999999995,4010.838399999999,3079.2528227910816,-581.1517794094575,
1.642896E12,2412.18,2556.78,2370.8,2539.01,580497.7613,3214.028,3997.0519999999988,2983.9162355524136,-667.0728227910818,
1.6429824E12,2539.0,2539.75,2159.0,2439.29,1123134.70389,3152.684,3983.752199999999,2905.533396467362,-444.90623555241336,
1.6430688E12,2439.56,2506.55,2348.96,2458.83,510152.954,3085.393,3969.8454999999985,2831.5331143665658,-466.2433964673619,
1.6431552E12,2459.04,2722.0,2402.03,2462.99,806441.62289,3031.303,3955.965299999999,2761.633142231585,-372.70311436656584,
1.6432416E12,2463.0,2521.0,2316.43,2424.25,599481.7159,2984.112,3943.145599999999,2691.840508023346,-298.64314223158544,
1.643328E12,2424.02,2558.98,2357.88,2544.99,485149.8065,2945.3625,3928.617799999999,2614.7755197221263,-267.59050802334605,
1.6434144E12,2544.99,2636.66,2520.01,2601.43,376666.8246,2918.5645,3912.4561999999987,2545.5766459662796,-69.78551972212654,
1.6435008E12,2601.43,2640.0,2542.5,2601.68,290770.0859,2891.0375,3897.940599999998,2482.196029600908,55.85335403372028,
1.6435872E12,2601.67,2706.77,2476.07,2686.94,444584.851,2866.9875,3884.2353999999987,2437.4182476748088,119.48397039909196,
1.6436736E12,2686.94,2813.0,2673.52,2787.23,390034.27362,2839.3485000000005,3869.4335999999985,2410.0847598967202,249.5217523251913,
1.64376E12,2787.48,2810.88,2612.72,2680.67,447852.1228,2810.1470000000004,3856.4825999999985,2418.690677917079,377.1452401032798,
1.6438464E12,2680.25,2726.64,2576.05,2695.46,405043.3931,2782.1500000000005,3841.085599999998,2448.9086925801903,261.97932208292104,
1.6439328E12,2695.21,2995.0,2671.4,2994.99,664002.9328,2751.5520000000006,3826.724999999998,2480.8647017184903,246.55130741980975,
1.6440192E12,2994.99,3060.47,2958.01,3012.65,356803.3071,2734.9995,3817.454899999999,2554.2860343575267,514.1252982815095,
1.6441056E12,3012.64,3074.56,2950.21,3054.99,249394.5966,2718.288,3804.721199999998,2648.950144549174,458.36396564247343,
1.644192E12,3055.0,3186.0,2991.8,3139.77,455070.2529,2710.554,3791.082199999998,2739.273948543673,406.0398554508256,
1.6442784E12,3139.77,3232.87,3025.21,3116.69,514773.5837,2709.5499999999997,3779.253099999998,2846.3289161364896,400.49605145632677,
1.6443648E12,3116.69,3269.7,3055.0,3243.94,370267.8913,2711.1834999999996,3767.5478999999987,2947.2422557605764,270.36108386351043,
1.6444512E12,3243.6,3283.66,3056.74,3072.49,578212.8383,2723.3064999999997,3756.7929999999983,3041.9225659432595,296.6977442394236,
1.6445376E12,3072.36,3138.62,2879.0,2927.54,462025.8751,2748.5235,3741.6189999999983,3112.7662606993645,30.56743405674024,
1.644624E12,2927.54,2985.98,2858.3,2918.88,336250.3131,2774.2915,3724.860899999998,3148.766736375784,-185.2262606993645,
1.6447104E12,2918.58,2954.4,2836.7,2871.13,242751.3547,2793.2849999999994,3708.7264999999984,3153.485807162669,-229.88673637578404,
1.6447968E12,2871.14,2964.97,2829.01,2929.75,381778.238,2814.8769999999995,3692.6953999999982,3133.6910581767647,-282.35580716266895,
1.6448832E12,2929.75,3196.19,2912.06,3183.52,448971.754,2838.423,3676.8128999999985,3093.66232295084,-203.94105817676473,
1.6449696E12,3183.53,3186.77,3044.03,3122.3,319997.6244,2874.4494999999997,3662.522199999999,3090.3103758018483,89.85767704915997,
1.645056E12,3122.31,3160.0,2851.55,2891.87,488693.2624,2909.352,3645.6653999999985,3105.8974040230128,31.989624198151887,
1.6451424E12,2891.88,2943.97,2750.0,2779.48,502977.4069,2926.696,3627.260799999999,3085.2748826531633,-214.02740402301288,
1.6452288E12,2779.3,2830.96,2694.45,2763.63,293838.0025,2935.5985,3608.767799999999,3043.0539666207537,-305.7948826531633,
1.6453152E12,2763.63,2764.64,2576.0,2621.99,386384.904,2943.696,3589.214099999999,2989.5637590162346,-279.4239666207536,
1.6454016E12,2621.99,2759.51,2558.0,2568.02,761838.9858,2940.4484999999995,3568.7793999999994,2926.3491579192732,-367.5737590162348,
1.645488E12,2568.03,2665.74,2500.0,2636.29,692639.4942,2929.4879999999994,3548.0168,2858.32826481695,-358.32915791927326,
1.6455744E12,2636.28,2753.55,2575.83,2579.71,504470.1412,2927.269,3528.1146999999996,2790.614593757198,-222.03826481695023,
1.6456608E12,2579.7,2740.0,2300.0,2596.2,1395732.7753,2921.4815,3508.2739999999994,2727.8942910492024,-210.90459375719774,
1.6457472E12,2596.26,2834.97,2571.72,2768.49,679394.1762,2901.542,3492.1384000000003,2673.075910270958,-131.69429104920255,
1.6458336E12,2768.05,2878.0,2727.5,2779.47,418485.2529,2889.334,3476.9453,2637.7055348980075,95.41408972904173,
1.64592E12,2779.47,2836.33,2557.98,2616.79,650198.7785,2875.558,3464.7709999999997,2619.0023912688175,141.7644651019923,
1.6460064E12,2616.79,2951.6,2568.62,2920.95,733794.4488,2849.4089999999997,3447.9912999999997,2611.322930265628,-2.212391268817555,
1.6460928E12,2920.83,3037.94,2854.09,2976.33,673901.6976,2839.622,3433.079099999999,2631.3673814399153,309.6270697343716,
1.6461792E12,2976.33,3043.91,2914.21,2947.3,614623.7461,2826.2414999999996,3420.2592999999997,2668.3443709671587,344.9626185600846,
1.6462656E12,2947.31,2970.97,2785.0,2833.99,446192.2353,2819.9819999999995,3408.8725999999997,2713.4573742592024,278.95562903284144,
1.646352E12,2834.0,2836.17,2573.0,2622.1,556178.7588,2815.3045,3393.8180999999995,2750.749300579309,120.53262574079736,
1.6464384E12,2622.11,2685.12,2589.38,2665.15,268730.3036,2800.4655,3377.3454999999994,2759.9333634312666,-128.64930057930906,
1.6465248E12,2665.16,2676.29,2535.0,2551.29,336487.9099,2790.1665000000003,3358.748499999999,2757.800999000949,-94.78336343126648,
1.6466112E12,2551.3,2649.0,2445.0,2491.12,620171.6787,2771.2435,3343.8493999999987,2735.6430672967545,-206.51099900094914,
1.6466976E12,2491.12,2624.0,2480.15,2575.97,561659.7421,2736.6235,3327.807699999999,2707.7248312604697,-244.52306729675456,
1.646784E12,2575.98,2775.85,2567.7,2726.98,562771.7403,2709.3070000000002,3310.619599999999,2691.7571159222266,-131.75483126046993,
1.6468704E12,2726.98,2733.25,2550.27,2606.7,559029.9377,2701.0625000000005,3293.444099999998,2695.2175177867057,35.222884077773415,
1.6469568E12,2606.69,2676.78,2522.57,2556.86,494583.6568,2692.4235000000003,3273.208499999999,2707.1102539417866,-88.51751778670587,
1.6470432E12,2556.86,2616.79,2553.39,2568.8,219236.5711,2682.085,3252.947599999998,2704.00581773615,-150.25025394178647,
1.6471296E12,2568.8,2603.32,2493.0,2515.65,316942.1601,2679.4255000000003,3233.523499999998,2672.1486594958974,-135.20581773615004,
1.647216E12,2515.66,2609.6,2498.67,2589.41,386630.1912,2676.8070000000002,3216.5226999999986,2628.439927918162,-156.4986594958973,
1.6473024E12,2589.42,2669.0,2507.0,2617.73,461202.3014,2674.4630000000006,3201.244299999998,2593.8222951051002,-39.02992791816223,
1.6473888E12,2617.74,2788.0,2603.38,2773.81,666224.7217,2676.364000000001,3185.4571999999985,2570.907645458811,23.90770489489978,
1.6474752E12,2773.8,2836.0,2746.42,2811.92,379312.541,2685.2445000000002,3169.719399999998,2560.165954887762,202.90235454118874,
1.6475616E12,2811.91,2984.0,2765.59,2938.92,556535.7966,2687.416,3154.774599999998,2575.015407389758,251.75404511223815,
1.647648E12,2938.84,2987.7,2890.86,2950.84,325971.5398,2695.3885,3139.794699999998,2611.123913150954,363.90459261024216,
1.6477344E12,2950.85,2964.17,2817.21,2861.38,377608.8214,2712.0910000000003,3128.246699999999,2657.398391134841,339.71608684904595,
1.6478208E12,2861.39,2960.57,2829.81,2890.03,450223.9073,2709.1124999999997,3117.8810999999982,2708.008714580156,203.98160886515916,
1.6479072E12,2890.03,3052.85,2886.43,2969.64,564868.9839,2704.7974999999997,3105.8876999999984,2760.046512111051,182.0212854198444,
1.6479936E12,2969.64,3045.2,2920.65,3036.0,453962.7298,2705.9144999999994,3094.2840999999985,2809.93902304718,209.59348788894886,
1.64808E12,3035.99,3129.11,2999.11,3110.76,577171.5239,2716.015,3086.8247999999985,2868.199605166819,226.06097695282006,
1.6481664E12,3110.75,3193.28,3076.0,3102.14,489099.5572,2740.4479999999994,3079.342499999999,2950.366658718067,242.56039483318136,
1.6482528E12,3102.13,3153.2,3084.9,3145.0,207134.847,2762.2974999999997,3070.1730999999995,3011.0464155569716,151.77334128193297,
1.6483392E12,3145.01,3299.37,3126.02,3295.65,335467.4145,2791.983,3062.0419999999995,3056.8712351066292,133.95358444302838,
1.6484256E12,3295.65,3431.15,3275.01,3332.92,527237.1133,2832.2095,3056.2442999999994,3101.7666011422457,238.77876489337086,
1.648512E12,3332.91,3481.87,3329.68,3400.51,465899.8226,2870.057,3049.974199999999,3151.41455568978,231.15339885775438,
1.6485984E12,3400.51,3446.9,3331.84,3385.79,356082.5231,2903.7335,3044.7378999999996,3211.91989092544,249.09544431022005,
1.6486848E12,3385.8,3444.83,3261.35,3281.51,455091.2395,2942.688,3039.1485,3262.1245173283887,173.87010907455988,
1.6487712E12,3281.51,3481.29,3210.68,3455.21,532169.2392,2978.9205,3031.8221000000003,3302.505954723902,19.3854826716115,
1.6488576E12,3455.2,3532.2,3433.14,3443.77,499893.29,3023.241,3026.5791000000004,3346.5085955586374,152.704045276098,
1.648944E12,3443.77,3580.34,3412.11,3521.91,381581.7683,3069.647,3019.9027,3389.9358258517977,97.26140444136263,
1.6490304E12,3521.9,3547.0,3405.97,3519.5,449984.1586,3116.272,3014.6582,3416.0053308597417,131.9741741482021,
1.6491168E12,3519.5,3555.0,3400.0,3406.99,397782.7437,3161.3605,3008.9049,3445.548915283476,103.49466914025834,
1.6492032E12,3407.0,3407.5,3162.39,3168.51,736273.1047,3193.0195000000003,3002.3392000000003,3463.7743484852595,-38.55891528347638,
1.6492896E12,3168.52,3268.98,3143.15,3227.19,458179.3272,3210.8489999999997,2993.6520000000005,3451.4543201383117,-295.26434848525923,
1.649376E12,3227.2,3314.02,3173.52,3192.39,502422.5048,3225.2625,2987.9964,3429.570437715009,-224.26432013831163,
1.6494624E12,3192.39,3268.4,3181.28,3258.57,212444.2566,3237.34,2983.6184000000007,3406.096190950065,-237.18043771500925,
1.6495488E12,3258.57,3307.22,3193.0,3203.04,232303.2326,3257.1994999999997,2979.1114000000007,3386.604053309782,-147.52619095006503,
1.6496352E12,3203.04,3213.63,2950.0,2979.74,693394.2912,3272.85,2974.379500000001,3359.2806791122516,-183.56405330978214,
1.6497216E12,2979.75,3085.0,2950.0,3027.66,579522.9505,3273.355,2966.5215000000003,3311.2193510177863,-379.54067911225184,
1.649808E12,3027.65,3128.97,2996.86,3118.28,419101.494,3272.9379999999996,2958.5154,3242.302494618062,-283.5593510177864,
1.6498944E12,3118.28,3145.0,2976.3,3021.98,408382.5572,3273.314,2952.0393000000013,3183.5963257113176,-124.02249461806196,
1.6499808E12,3021.98,3060.92,2993.13,3040.56,249626.2981,3269.306,2944.4080000000004,3136.9284977708294,-161.6163257113176,
1.6500672E12,3040.57,3086.1,3010.03,3059.3,176352.4165,3264.084,2939.4073000000003,3092.7050696215683,-96.36849777082944,
1.6501536E12,3059.3,3083.0,2981.7,2988.06,243772.074,3252.2665000000006,2935.9322,3056.519623460768,-33.405069621568146,
1.65024E12,2988.07,3069.6,2883.22,3055.56,510251.6536,3235.0235000000002,2933.8204000000005,3022.9716363205093,-68.45962346076794,
1.6503264E12,3055.56,3131.0,3030.34,3101.77,359375.0038,3217.776,2933.5665000000004,2994.6389935725233,32.58836367949061,
1.6504128E12,3101.74,3166.5,3036.45,3076.04,415000.0685,3203.575,2933.064500000001,2987.4115164411646,107.13100642747668,
1.6504992E12,3076.03,3180.0,2942.31,2983.58,562699.697,3193.3014999999996,2932.9981000000007,2992.1042585865966,88.62848355883534,
1.6505856E12,2983.57,3034.32,2930.35,2962.39,452433.082,3169.7200000000003,2930.436700000001,2987.9191053217587,-8.524258586596716,
1.650672E12,2962.39,2978.03,2913.89,2933.03,187576.7324,3145.651,2926.348000000001,2980.693973285805,-25.529105321758834,
1.6507584E12,2933.04,2967.06,2912.09,2921.0,218957.0222,3116.2069999999994,2923.2722000000012,2970.557391420623,-47.663973285804786,
1.6508448E12,2920.99,3025.65,2797.01,3006.62,619198.3616,3086.2819999999997,2919.4080000000017,2963.082103968026,-49.557391420622935,
1.6509312E12,3006.63,3039.54,2767.0,2809.67,531184.3504,3066.2635,2916.213800000002,2975.813384154126,43.537896031974014,
1.6510176E12,2809.68,2919.87,2794.46,2888.96,488951.2416,3048.3214999999996,2910.8417000000018,2972.142458545826,-166.14338415412612,
1.651104E12,2888.95,2980.0,2853.83,2936.93,537392.9978,3031.41,2907.634600000002,2961.2260218033243,-83.18245854582574,
1.6511904E12,2936.92,2946.46,2776.63,2817.13,525978.147,3018.637,2905.4054000000015,2950.4967803660847,-24.296021803324493,
1.6512768E12,2817.13,2841.63,2709.26,2726.66,367757.2469,2996.5649999999996,2902.7365000000013,2927.4926851141727,-133.36678036608464,
1.6513632E12,2726.67,2849.9,2716.13,2824.81,442544.8792,2972.746,2899.9883000000013,2890.3481478629024,-200.83268511417282,
1.6514496E12,2824.81,2894.22,2778.78,2856.54,521706.8567,2964.9994999999994,2902.5549000000005,2870.250828519267,-65.5381478629024,
1.651536E12,2856.54,2861.47,2755.19,2781.7,371331.1796,2956.4434999999994,2906.9985,2856.1893227913242,-13.710828519267125,
1.6516224E12,2781.7,2965.85,2771.74,2940.64,548738.0668,2939.614499999999,2909.4254000000005,2841.545514681166,-74.48932279132441,
1.6517088E12,2940.65,2954.65,2683.0,2747.97,734845.3194,2935.5474999999997,2914.4389000000006,2825.844410634572,99.0944853188339,
1.6517952E12,2747.96,2758.18,2632.95,2692.85,711449.3234,2920.9179999999997,2917.3303,2808.1542959263033,-77.87441063457209,
1.6518816E12,2692.86,2704.36,2584.75,2635.34,371271.4532,2902.5954999999994,2919.6289,2791.0201861828473,-115.30429592630344,
1.651968E12,2635.35,2642.0,2484.0,2519.71,757615.3415,2884.9594999999995,2921.7398000000003,2767.2692526613055,-155.68018618284714,
1.6520544E12,2519.71,2530.78,2225.0,2228.55,1574924.9793,2858.1669999999995,2921.4870000000005,2726.4518931056814,-247.55925266130544,
1.6521408E12,2229.0,2457.34,2200.0,2342.05,1550626.1387,2814.5060000000003,2917.7582,2666.2577072466734,-497.9018931056812,
1.6522272E12,2342.04,2451.37,2005.0,2084.99,2022864.83806,2777.8064999999997,2915.1619,2596.5026680491396,-324.2077072466732,
1.6523136E12,2084.99,2195.0,1800.0,1960.22,2305192.90836,2732.8770000000004,2909.1423999999997,2519.4086684549234,-511.51266804913985,
1.6524E12,1960.22,2147.54,1940.23,2009.69,1134042.3387,2682.7685000000006,2900.8723,2426.539555489786,-559.1886684549233,
1.6524864E12,2009.69,2070.06,1951.21,2056.48,563788.3078,2636.6015000000007,2894.1625,2330.291288354751,-416.84955548978587,
1.6525728E12,2056.47,2167.0,2000.68,2145.29,514398.2587,2593.375500000001,2887.7726999999995,2242.635913798667,-273.811288354751,
1.6526592E12,2145.29,2145.29,1979.12,2023.66,822070.8531,2550.309,2879.2756999999997,2171.2141690542026,-97.34591379866697,
1.6527456E12,2023.66,2122.42,2008.0,2090.72,568249.0448,2511.008500000001,2869.3857999999996,2111.0889589075177,-147.55416905420248,
1.652832E12,2090.72,2110.72,1908.0,1915.11,631577.2341,2471.0965000000006,2859.7430999999992,2057.370705044753,-20.368958907517936,
1.6529184E12,1915.11,2040.39,1903.18,2019.55,741476.9794,2420.0055,2847.4964999999984,2007.6742036951168,-142.26070504475297,
1.6530048E12,2019.55,2064.0,1923.0,1959.08,576981.5371,2380.1265000000008,2836.525099999999,1963.9897468822837,11.875796304883124,
1.6530912E12,1959.08,1990.86,1937.36,1975.07,238869.7632,2341.7475000000004,2823.6764999999987,1924.7748959591756,-4.909746882283798,
1.6531776E12,1975.06,2056.41,1966.33,2043.19,355735.1927,2299.2605000000003,2812.7022999999986,1906.7923527002024,50.2951040408243,
1.653264E12,2043.19,2088.5,1957.12,1973.32,636085.0224,2258.5930000000003,2803.858799999999,1899.6950769275893,136.39764729979765,
1.6533504E12,1973.33,1993.83,1913.02,1979.41,534096.972,2218.174,2794.403199999999,1895.4221470426687,73.62492307241064,
1.6534368E12,1979.4,2022.34,1934.61,1942.63,524786.3091,2170.1125,2785.485999999999,1901.8753095055663,83.98785295733137,
1.6535232E12,1942.64,1966.01,1735.0,1792.23,1168740.57514,2129.8455000000004,2775.6148,1921.9286760886507,40.75469049443382,
1.6536096E12,1792.24,1822.26,1703.0,1727.27,1296693.28537,2084.8145000000004,2761.7019,1927.814787202706,-129.6986760886507,
1.653696E12,1727.26,1808.98,1722.26,1792.22,558271.1818,2039.411,2747.7515999999996,1917.2893316154143,-200.54478720270595,
1.6537824E12,1792.21,1827.4,1759.96,1813.64,432430.611,2003.0364999999997,2736.7550999999994,1911.9651647539679,-125.06933161541428,
1.6538688E12,1813.64,2013.0,1803.18,1998.78,814922.8359,1982.291,2727.0967,1894.443929787079,-98.32516475396778,
1.6539552E12,1998.78,2016.45,1925.0,1941.9,751103.4226,1965.1274999999998,2719.4482000000003,1896.50381052942,104.33607021292096,
1.6540416E12,1941.9,1972.58,1763.75,1817.95,1037841.2706,1957.973,2712.647300000001,1902.4739906881955,45.39618947058011,
1.654128E12,1817.96,1853.05,1782.42,1834.08,788784.4017,1950.8595,2705.146600000001,1887.9760207816464,-84.52399068819545,
1.6542144E12,1834.09,1843.91,1737.0,1775.12,741282.5346,1942.0790000000002,2697.124500000001,1862.022637326297,-53.896020781646484,
1.6543008E12,1775.13,1816.0,1748.43,1804.58,388279.4579,1928.011,2689.0786000000003,1848.2586908356168,-86.90263732629705,
1.6543872E12,1804.58,1830.17,1773.05,1806.23,371974.5061,1910.9755000000005,2681.1624000000006,1817.9857289266465,-43.67869083561686,
1.6544736E12,1806.22,1920.0,1804.35,1859.84,804250.3567,1900.1040000000005,2671.5398,1805.33429274559,-11.755728926646498,
1.65456E12,1859.84,1874.98,1725.13,1813.33,1397598.2288,1888.56,2662.3435,1809.3813982437512,54.50570725441003,
1.6546464E12,1813.33,1838.77,1765.28,1791.88,941510.1373,1883.471,2654.3089,1814.9666320626898,3.948601756248763,
1.6547328E12,1791.88,1833.0,1777.33,1788.81,535310.9618,1872.0875,2643.0182,1814.6953889897886,-23.08663206268966,
1.6548192E12,1788.8,1804.32,1655.93,1662.91,955035.79239,1863.5739999999998,2631.143,1804.7668430599758,-25.88538898978868,
1.6549056E12,1662.91,1682.21,1496.74,1532.89,1220325.2542,1847.966,2618.2990999999997,1793.4941962445255,-141.85684305997574,
1.654992E12,1532.89,1547.0,1423.0,1434.84,1563225.37018,1822.4510000000002,2605.2880999999998,1757.5023019870237,-260.6041962445254,
1.6550784E12,1434.84,1455.0,1165.45,1209.82,3626351.66536,1795.527,2593.4155,1719.4612691547816,-322.66230198702374,
1.6551648E12,1209.35,1268.45,1075.8,1208.9,2716493.80131,1757.0475000000001,2578.8622000000005,1652.7042596757597,-509.64126915478164,
1.6552512E12,1208.9,1250.0,1014.4,1237.52,3114823.13621,1720.3610000000003,2565.4383000000003,1576.384109613327,-443.80425967575957,
1.6553376E12,1237.53,1257.85,1051.55,1068.5,1447386.8304,1692.6255,2552.9023,1504.3652714815269,-338.86410961332695,
1.655424E12,1068.5,1118.0,1051.11,1086.94,1220677.9491,1659.6870000000004,2537.8276,1418.908383698714,-435.86527148152686,
1.6555104E12,1086.93,1097.58,881.56,995.13,2308983.5187,1624.423,2521.4272,1329.863106202731,-331.968383698714,
1.6555968E12,995.12,1158.62,936.15,1128.53,2018599.4499,1583.4975,2505.3115000000003,1238.3085104696177,-334.73310620273094,
1.6556832E12,1128.53,1170.0,1053.0,1128.24,1721772.9132,1539.9850000000001,2491.0282,1156.4748757423424,-109.77851046961769,
1.6557696E12,1128.24,1194.0,1109.23,1125.85,1306095.3757,1499.3020000000001,2476.6226,1103.997407916995,-28.23487574234241,
1.655856E12,1125.86,1127.33,1043.65,1050.19,1306959.8593,1464.6970000000001,2462.7246,1070.061478836411,21.852592083004993,
1.6559424E12,1050.19,1155.0,1045.3,1144.72,1278257.0899,1425.5024999999998,2447.3324,1040.3606204858447,-19.871478836410915,
1.6560288E12,1144.71,1245.43,1132.0,1225.02,1337137.483,1393.9825,2432.6023,1024.081739852901,104.35937951415531,
1.6561152E12,1225.02,1256.77,1180.0,1242.36,861986.6177,1365.0044999999998,2417.1144,1015.0184346335834,200.93826014709907,
1.6562016E12,1242.31,1280.0,1194.6,1197.79,884184.273,1336.811,2401.4188,1021.7393383142047,227.3415653664165,
1.656288E12,1197.79,1238.93,1172.49,1192.51,868734.2061,1303.7085000000002,2384.0074999999997,1042.2831788435913,176.05066168579526,
1.6563744E12,1192.51,1237.99,1136.32,1144.05,1104065.2211,1272.6675,2366.4242,1064.7805912907054,150.22682115640873,
1.6564608E12,1144.05,1156.8,1087.42,1100.21,1295517.796,1240.276,2349.2508999999995,1093.8494333020185,79.26940870929457,
1.6565472E12,1100.21,1106.62,998.0,1071.01,1420670.3656,1205.846,2331.3526999999995,1118.5559972250585,6.36056669798154,
1.6566336E12,1071.02,1117.0,1033.44,1059.73,1562255.1439,1176.2509999999997,2312.3663999999994,1139.4003183079667,-47.5459972250585,
1.65672E12,1059.73,1078.88,1028.29,1067.01,714812.0804,1152.5929999999998,2292.603699999999,1150.561012215397,-79.67031830796668,
1.6568064E12,1067.01,1088.34,1040.78,1074.26,644746.3337,1134.2014999999997,2272.166199999999,1158.6363861594355,-83.55101221539712,
1.6568928E12,1074.26,1160.9,1045.37,1151.0,1150108.9861,1127.4234999999999,2251.8874,1160.5541733192606,-84.37638615943547,
1.6569792E12,1151.01,1174.9,1076.34,1132.5,1398961.4495,1124.5285,2231.9473999999996,1156.1095672343538,-9.554173319260599,
1.6570656E12,1132.51,1205.0,1111.44,1186.57,1211768.0757,1119.2774999999997,2210.3159,1151.1475664468853,-23.60956723435379,
1.657152E12,1186.57,1254.29,1163.18,1237.49,1001316.079,1125.181,2188.8524000000007,1145.7581601424124,35.422433553114615,
1.6572384E12,1237.49,1276.46,1193.15,1214.04,1189518.3631,1132.7085000000002,2167.2222,1143.9829029307361,91.7318398575876,
1.6573248E12,1214.03,1235.4,1204.67,1217.02,576337.1809,1143.654,2145.5047,1154.552408319403,70.05709706926382,
1.6574112E12,1217.02,1219.95,1153.0,1168.36,1018038.6506,1148.0785,2124.8597999999997,1160.2935950357596,62.467591680597025,
1.6574976E12,1168.37,1171.29,1091.71,1096.4,1201652.3048,1150.0845000000002,2101.9913,1155.4687355439896,8.066404964240292,
1.657584E12,1096.37,1098.26,1033.46,1038.58,1261349.6321,1148.6120000000003,2078.5176,1152.2219107924113,-59.06873554398953,
1.6576704E12,1038.58,1119.18,1006.32,1115.0,2035605.8299,1148.0315000000003,2053.6843,1138.846563142312,-113.64191079241141,
1.6577568E12,1115.01,1214.65,1072.11,1193.42,1605101.9262,1146.5455000000002,2029.6392999999998,1136.9286335393178,-23.846563142312107,
1.6578432E12,1193.42,1287.82,1181.05,1231.25,1466037.2584,1144.9654999999998,2007.5036000000002,1138.9656761652811,56.49136646068223,
1.6579296E12,1231.25,1422.91,1191.23,1355.85,1493809.9226,1144.4100000000003,1988.131,1149.9591299723354,92.28432383471886,
1.658016E12,1355.84,1387.0,1319.04,1338.65,1246202.8795,1152.313,1969.4176,1173.4425714613358,205.8908700276645,
1.6581024E12,1338.65,1597.47,1336.07,1581.04,2029918.76521,1159.6200000000001,1950.8802000000003,1212.8581207400593,165.20742853866432,
1.6581888E12,1581.03,1631.0,1493.11,1542.32,1846048.6816,1181.4695,1934.1048999999998,1263.2737722210447,368.1818792599406,
1.6582752E12,1542.33,1620.4,1484.23,1521.58,1351177.4247,1203.575,1917.4977000000006,1319.8184726190675,279.0462277789552,
1.6583616E12,1521.63,1605.98,1463.56,1575.45,1247327.4963,1226.1035,1902.9161000000001,1364.8021931727242,201.76152738093242,
1.658448E12,1575.45,1650.05,1516.11,1535.27,1170723.0873,1251.8895000000002,1888.3940000000002,1408.6414908074744,210.64780682727587,
1.6585344E12,1535.27,1596.51,1488.0,1548.67,851284.7339,1275.3025000000002,1872.5639,1446.5470073585348,126.6285091925256,
1.6586208E12,1548.66,1664.34,1545.67,1597.7,1009935.8997,1299.023,1857.8308000000004,1478.9152429418082,102.12299264146532,
1.6587072E12,1597.7,1609.55,1435.58,1440.79,1418390.9809,1321.358,1843.4022000000002,1513.09470181006,118.78475705819187,
1.6587936E12,1440.79,1454.11,1356.17,1449.12,1199643.7408,1336.7725,1827.2171000000003,1537.0445210874298,-72.30470181006012,
1.65888E12,1449.12,1644.44,1420.83,1635.74,1513426.0413,1349.9,1811.8277000000005,1547.6499947325287,-87.92452108742987,
1.6589664E12,1635.74,1784.79,1593.27,1724.52,1578145.07555,1369.8125000000002,1797.6295000000005,1569.0556636014405,88.09000526747127,
1.6590528E12,1724.52,1765.99,1655.02,1721.68,1205266.5703,1395.3365000000001,1783.8570000000004,1607.506099769485,155.46433639855945,
1.6591392E12,1721.68,1744.85,1673.01,1697.0,735132.5286,1420.5695,1770.3134000000005,1642.648139882197,114.17390023051507,
1.6592256E12,1697.0,1754.69,1666.0,1678.12,696326.8079,1447.0015,1757.4476000000006,1672.6251908647744,54.35186011780297,
1.659312E12,1678.12,1704.68,1606.12,1630.28,801566.5648,1476.0875,1744.6049000000007,1690.1920790572249,5.494809135225523,
1.6593984E12,1630.28,1678.0,1559.28,1630.91,1081964.5104,1505.6725000000001,1731.5774000000006,1691.8142499649293,-59.9120790572249,
1.6594848E12,1630.91,1685.03,1589.71,1618.16,777724.7413,1531.468,1718.6765000000003,1684.169654978802,-60.90424996492925,
1.6595712E12,1618.16,1662.79,1580.39,1607.96,735552.181,1552.705,1704.7919,1668.596792341977,-66.00965497880202,
1.6596576E12,1607.97,1742.07,1605.64,1736.81,1005846.4712,1571.5404999999998,1692.7748000000001,1650.108153674949,-60.63679234197707,
1.659744E12,1736.81,1749.93,1685.26,1690.6,523314.6444,1590.5885,1681.2533,1644.8589986279442,86.70184632505084,
1.6598304E12,1690.6,1729.79,1668.0,1700.19,439904.764,1608.1859999999997,1668.7900000000002,1654.3917068360765,45.741001372055734,
1.6599168E12,1700.2,1818.0,1693.87,1777.05,781620.5443,1614.1434999999997,1657.6206000000002,1662.3494870079603,45.79829316392352,
1.6600032E12,1777.05,1790.83,1667.93,1702.76,818171.1019,1625.8799999999997,1648.1245,1677.021174615159,114.70051299203965,
1.6600896E12,1702.76,1885.0,1656.78,1853.57,1317767.5127,1634.9389999999999,1636.9040000000002,1695.5818975876077,25.738825384840993,
1.660176E12,1853.58,1942.0,1850.32,1880.19,1105261.9009,1648.8449999999998,1626.8743000000002,1715.3957654470755,157.9881024123922,
1.6602624E12,1880.19,1964.71,1853.06,1958.28,717628.1015,1666.091,1617.8592,1754.1275641962825,164.79423455292454,
1.6603488E12,1958.28,2020.0,1946.5,1983.55,695876.0293,1686.5714999999996,1608.0356,1782.6972483991485,204.15243580371748,
1.6604352E12,1983.55,2030.0,1906.0,1935.31,569583.4852,1705.864,1600.3913999999997,1818.2505300040418,200.85275160085143,
1.6605216E12,1935.32,2012.47,1872.31,1899.06,949162.3305,1730.5899999999997,1592.816,1851.370225445446,117.05946999595812,
1.660608E12,1899.05,1915.0,1853.0,1876.67,622729.1499,1753.0869999999995,1585.4532000000002,1871.1155168450248,47.68977455455388,
1.6606944E12,1876.67,1959.43,1818.74,1834.25,951824.8975,1765.1334999999995,1579.0228,1886.3564044630189,5.554483154975287,
1.6607808E12,1834.24,1882.37,1821.25,1846.39,606254.024,1770.6199999999997,1575.0797999999998,1893.4362121645013,-52.10640446301886,
1.6608672E12,1846.39,1848.0,1602.37,1609.01,1419826.9515,1776.8555000000001,1570.1232,1891.186404352175,-47.046212164501185,
1.6609536E12,1609.0,1657.08,1523.67,1576.04,914615.9226,1772.4560000000001,1565.3634000000002,1884.6092646564737,-282.17640435217504,
1.66104E12,1576.03,1646.52,1562.34,1618.13,780662.6062,1767.352,1561.5216000000003,1862.9135114117796,-308.5692646564737,
1.6611264E12,1618.13,1629.72,1529.92,1624.66,941192.8954,1766.7444999999996,1557.6060000000004,1830.5175889239565,-244.7835114117795,
1.6612128E12,1624.65,1676.07,1563.76,1665.41,940246.932,1766.4320000000002,1553.2878000000003,1793.0984259974457,-205.85758892395643,
1.6612992E12,1665.4,1694.13,1604.92,1656.56,744667.6078,1768.7945000000004,1548.4890000000003,1756.23820879776,-127.68842599744562,
1.6613856E12,1656.56,1722.0,1653.68,1695.11,603090.713,1771.2244999999998,1544.8180000000002,1721.480394717492,-99.67820879776013,
1.661472E12,1695.11,1706.45,1486.85,1508.18,1149912.8292,1769.1395,1540.8619000000003,1689.7212019886135,-26.37039471749199,
1.6615584E12,1508.18,1518.42,1447.52,1491.06,756136.6768,1760.0184999999997,1536.7926,1652.6994227574519,-181.54120198861347,
1.6616448E12,1491.06,1511.0,1424.0,1426.76,544846.4486,1749.562,1531.5077000000006,1605.0999965012013,-161.63942275745194,
1.6617312E12,1426.76,1559.99,1422.08,1551.8,826252.0831,1732.0475000000001,1526.1845000000008,1558.8974135555382,-178.3399965012013,
1.6618176E12,1551.79,1606.13,1473.61,1524.59,1003075.0172,1724.4995000000004,1521.9518000000003,1526.7751627154187,-7.097413555538196,
1.661904E12,1524.59,1619.78,1524.59,1554.1,949227.6775,1708.0505,1516.7658000000001,1500.0325509649783,-2.1851627154187554,
1.6619904E12,1554.11,1599.0,1512.77,1586.16,728710.482,1691.7459999999999,1512.5736000000002,1484.8582891590918,54.06744903502158,
1.6620768E12,1586.17,1650.0,1546.41,1575.35,919009.6598,1673.14,1508.6410999999998,1483.3287954860705,101.3017108409083,
1.6621632E12,1575.35,1582.71,1534.28,1557.46,321397.2189,1652.73,1504.9682999999998,1486.577344220699,92.02120451392943,
1.6622496E12,1557.45,1583.66,1540.66,1579.28,296591.1166,1633.8374999999999,1502.6206,1503.4413492124988,70.8826557793011,
1.662336E12,1579.29,1631.99,1556.56,1617.8,503492.937,1617.8484999999996,1501.1406999999997,1517.890200765967,75.83865078750114,
1.6624224E12,1617.8,1687.4,1555.0,1559.01,1010722.8578,1604.9049999999995,1499.3964999999996,1539.537996677587,99.90979923403302,
1.6625088E12,1559.01,1657.5,1490.66,1630.0,850991.4243,1591.1429999999996,1496.8501999999999,1555.287999530594,19.472003322413002,
1.6625952E12,1630.0,1663.56,1595.06,1635.37,645124.0085,1580.3234999999997,1493.1624000000002,1567.4912876945145,74.7120004694059,
1.6626816E12,1635.37,1746.13,1630.51,1718.23,837458.2126,1581.6414999999995,1490.0971,1584.6427244731603,67.87871230548535,
1.662768E12,1718.24,1789.0,1706.03,1774.12,411046.2466,1588.7509999999997,1489.0999000000002,1606.1234236239568,133.58727552683968,
1.6628544E12,1774.12,1789.0,1720.1,1766.11,409287.7263,1596.5504999999996,1488.5003,1633.345338527212,167.9965763760431,
1.6629408E12,1766.12,1783.0,1693.0,1716.37,630774.6032,1603.6229999999996,1488.4101999999998,1660.1853096260484,132.7646614727878,
1.6630272E12,1716.37,1760.51,1560.54,1574.4,1134549.7256,1606.1709999999998,1487.5280999999998,1672.8944796079716,56.184690373951526,
1.6631136E12,1574.4,1647.01,1552.38,1638.39,764562.5393,1602.0629999999996,1485.2097999999999,1683.8835435707697,-98.49447960797147,
1.6632E12,1638.4,1655.2,1458.0,1472.75,1335499.8047,1599.2269999999999,1482.9953,1690.748679240454,-45.49354357076959,
1.6632864E12,1472.76,1483.35,1405.52,1433.9,693597.2425,1597.4554999999998,1479.5894999999998,1685.7255498666657,-217.99867924045407,
1.6633728E12,1433.9,1476.13,1409.12,1468.83,421391.3743,1594.5975,1476.0097,1662.9815385134282,-251.8255498666656,
1.6634592E12,1468.82,1469.63,1325.55,1334.51,804113.468,1596.7009999999998,1472.8099,1633.130320404346,-194.15153851342825,
1.6635456E12,1334.51,1393.35,1280.0,1375.98,974855.198,1585.8365,1469.5258999999996,1592.0600099325065,-298.6203204043461,
1.663632E12,1375.98,1384.78,1312.71,1322.93,658027.1465,1578.4059999999997,1467.9568,1535.46300873781,-216.08000993250653,
1.6637184E12,1322.94,1408.9,1220.0,1245.78,1192266.7379,1566.8474999999999,1466.8376999999998,1489.657669550349,-212.53300873780995,
1.6638048E12,1245.79,1350.08,1237.32,1326.46,904282.2725,1549.8285,1467.1972999999998,1438.2491678710742,-243.87766955034908,
1.6638912E12,1326.47,1360.0,1262.15,1327.25,974052.3644,1537.384,1468.3728999999998,1397.8840401290904,-111.78916787107414,
1.6639776E12,1327.24,1349.33,1306.52,1317.13,517557.3497,1525.8735000000001,1469.2702,1359.9819332839436,-70.63404012909041,
1.664064E12,1317.13,1337.0,1269.27,1294.63,515533.8409,1512.7659999999998,1471.7565,1328.8773458303363,-42.85193328394348,
1.6641504E12,1294.62,1340.42,1277.85,1336.17,799166.4333,1496.6075,1473.8334,1299.5487934282432,-34.247345830336144,
1.6642368E12,1336.17,1400.0,1303.75,1328.02,860584.8944,1485.4654999999998,1477.2438,1275.0872945195676,36.62120657175683,
1.6643232E12,1328.01,1355.7,1253.2,1337.2,919314.9131,1470.3664999999999,1479.2386999999997,1260.013253802518,52.93270548043233,
1.6644096E12,1337.2,1352.02,1288.52,1335.7,770591.6895,1455.458,1481.3283,1253.7488543968302,77.18674619748208,
1.664496E12,1335.69,1373.19,1313.35,1328.72,740753.611,1436.3315,1483.4268,1254.1878944367727,81.95114560316983,
1.6645824E12,1328.71,1333.69,1302.68,1311.79,252081.9056,1414.0615000000003,1486.2121000000002,1257.8587967149858,74.53210556322733,
1.6646688E12,1311.79,1317.93,1270.0,1276.72,371740.0407,1391.3455000000004,1487.8828000000003,1271.6951726672137,53.931203285014135,
1.6647552E12,1276.72,1329.9,1263.04,1323.09,483775.2435,1369.3630000000003,1488.3998000000001,1283.4465243953796,5.024827332786344,
1.6648416E12,1323.1,1369.55,1318.66,1361.49,476207.6702,1356.7975000000006,1489.2070999999999,1300.754703761867,39.643475604620335,
1.664928E12,1361.5,1364.77,1316.29,1352.2,483508.7782,1342.9525000000003,1490.8441,1320.1049464651303,60.73529623813306,
1.6650144E12,1352.2,1383.99,1345.01,1352.06,573975.324,1336.9250000000004,1492.441,1334.7188981509828,32.09505353486975,
1.6651008E12,1352.07,1361.75,1317.26,1331.1,491999.8776,1332.8330000000003,1494.5211,1343.0800429107737,17.34110184901715,
1.6651872E12,1331.1,1337.35,1303.51,1315.48,203391.6612,1325.9465000000005,1496.8300000000004,1345.9017578866074,-11.980042910773818,
1.6652736E12,1315.48,1329.0,1307.26,1323.13,186201.9185,1324.9950000000003,1499.2747000000004,1350.7620973849118,-30.421757886607338,
1.66536E12,1323.13,1338.0,1288.0,1290.03,393663.0114,1322.3525000000004,1501.9087000000002,1343.3668534021322,-27.63209738491173,
1.6654464E12,1290.03,1298.0,1267.01,1280.11,429430.3941,1320.7075,1504.1389000000001,1340.368042325714,-53.33685340213219,
1.6655328E12,1280.11,1306.87,1275.25,1294.44,369712.5759,1322.424,1506.1974000000002,1333.8279934390373,-60.25804232571409,
1.6656192E12,1294.44,1301.58,1190.0,1287.08,945618.3163,1320.8229999999999,1507.6318,1320.5669385441774,-39.387993439037245,
1.6657056E12,1287.08,1343.12,1283.39,1296.27,669742.8093,1318.8145,1509.1776,1315.131676744556,-33.48693854417752,
1.665792E12,1296.26,1301.69,1263.64,1274.92,287100.9529,1317.7714999999998,1510.2745999999997,1305.1993638515144,-18.861676744556007,
1.6658784E12,1274.93,1315.35,1274.67,1305.95,293321.3632,1316.786,1510.6489,1297.0400915854025,-30.27936385151429,
1.6659648E12,1305.96,1338.57,1295.64,1331.4,459848.4941,1315.275,1511.568,1297.0384545805402,8.909908414597567,
1.6660512E12,1331.39,1341.73,1286.72,1310.71,572728.9189,1315.444,1512.7117999999996,1296.7398660242832,34.361545419459844,
1.6661376E12,1310.71,1313.5,1280.31,1285.09,368637.5105,1314.1195000000002,1514.1352999999997,1296.9362734270674,13.970133975716863,
1.666224E12,1285.09,1310.87,1270.36,1282.57,428531.6103,1311.5890000000004,1516.0221999999997,1294.9729550704192,-11.846273427067445,
1.6663104E12,1282.57,1306.97,1252.65,1299.75,468076.7986,1309.2815000000003,1518.4620999999997,1293.9513600076652,-12.402955070419239,
1.6663968E12,1299.76,1320.2,1294.32,1313.61,221776.7007,1308.6795000000002,1520.3095999999996,1291.7909771166521,5.798639992334756,
1.6664832E12,1313.62,1371.55,1299.44,1364.2,432269.46,1310.5240000000001,1521.5114999999996,1292.8017599058821,21.81902288334777,
1.6665696E12,1364.19,1370.6,1324.17,1343.61,611830.797,1312.5795000000003,1522.8409999999994,1297.9364988098732,71.39824009411791,
1.666656E12,1343.61,1525.16,1334.94,1459.74,1127932.9012,1311.6855,1522.7185999999995,1305.1643119985777,45.67350119012667,
1.6667424E12,1459.74,1594.99,1457.44,1566.1,1236044.7023,1317.0625000000002,1523.9294999999993,1319.5442197240122,154.57568800142235,
1.6668288E12,1566.11,1578.58,1503.2,1514.05,869454.4851,1327.7645,1523.7800999999993,1351.1897628485276,246.55578027598767,
1.6669152E12,1514.04,1574.9,1479.82,1554.41,858954.4425,1336.912,1523.4973999999993,1390.1854736836447,162.86023715147235,
1.6670016E12,1554.4,1663.06,1547.66,1619.55,914161.0846,1348.8585,1523.8256999999994,1424.9633629686236,164.22452631635542,
1.667088E12,1619.55,1640.06,1576.56,1590.44,476036.4243,1363.6795,1524.2666999999994,1462.1892320396553,194.5866370313763,
1.6671744E12,1590.45,1635.8,1545.43,1572.69,810334.2414,1378.7,1524.8183999999997,1499.001408441328,128.25076796034477,
1.6672608E12,1572.69,1612.92,1563.69,1578.48,527539.2965,1393.329,1525.0585999999994,1527.9583739252337,73.68859155867199,
1.6673472E12,1578.47,1621.68,1502.32,1518.34,981395.3648,1407.5309999999997,1524.8663999999997,1552.7905841389047,50.521626074766345,
1.6674336E12,1518.33,1559.01,1515.17,1531.01,560202.8813,1419.0939999999998,1525.6418999999994,1570.188236682058,-34.45058413890479,
1.66752E12,1531.01,1680.0,1528.4,1644.78,935531.4781,1430.8309999999997,1526.4607999999994,1578.5992533745643,-39.178236682058014,
1.6676064E12,1644.78,1666.97,1621.42,1626.98,351385.5362,1449.3239999999998,1526.5511999999997,1594.0020764018082,66.18074662543563,
1.6676928E12,1626.98,1639.02,1564.39,1568.29,414863.9525,1465.3754999999996,1525.5757999999996,1613.271480050863,32.977923598191865,
1.6677792E12,1568.25,1608.04,1545.03,1568.1,642409.4494,1477.2199999999998,1524.0419,1622.0561841067122,-44.981480050862956,
1.6678656E12,1568.09,1579.98,1233.0,1334.77,2339916.5089,1490.0894999999996,1522.7529000000002,1623.3439162931234,-53.95618410671227,
1.667952E12,1334.78,1337.16,1073.53,1102.73,2494797.9357,1492.5734999999997,1519.3194,1603.663414862523,-288.5739162931234,
1.6680384E12,1102.73,1350.0,1085.93,1299.28,1975955.6767,1483.5814999999998,1514.0439000000003,1549.810146072069,-500.933414862523,
1.6681248E12,1299.28,1310.0,1201.26,1289.28,1308087.1498,1483.5579999999998,1510.7276000000004,1489.9802018792177,-250.5301460720691,
1.6682112E12,1289.35,1292.16,1238.7,1257.25,547772.9172,1482.3414999999998,1507.4388000000006,1440.89205050787,-200.70020187921773,
1.6682976E12,1257.25,1274.23,1200.66,1221.49,547410.5304,1476.9939999999997,1503.9317000000003,1390.9077571213072,-183.64205050786995,
1.668384E12,1221.5,1291.2,1171.13,1243.28,934742.0059,1470.888,1498.7785000000006,1341.205294300772,-169.4177571213072,
1.6684704E12,1243.29,1291.0,1234.01,1253.23,632825.568,1460.065,1494.3053000000007,1296.531838180467,-97.92529430077207,
1.6685568E12,1253.22,1268.67,1187.06,1216.17,673339.7215,1444.4215,1489.8357000000005,1260.5744885236236,-43.30183818046703,
1.6686432E12,1216.16,1228.22,1181.05,1200.43,530537.3488,1429.5274999999997,1484.2269000000006,1230.9150368409041,-44.40448852362351,
1.6687296E12,1200.42,1234.0,1199.18,1212.58,360218.5337,1411.8285,1479.2036000000005,1203.6231517303768,-30.48503684090406,
1.668816E12,1212.58,1235.0,1197.67,1217.67,209789.5888,1391.4800000000002,1472.7937000000002,1189.1458897842492,8.956848269623151,
1.6689024E12,1217.67,1227.07,1132.65,1142.21,531108.7607,1372.8415,1466.1685000000004,1178.2046711787823,28.524110215750852,
1.6689888E12,1142.21,1146.99,1079.76,1107.34,922647.9454,1351.3174999999999,1458.0078000000005,1161.4064198413148,-35.994671178782255,
1.6690752E12,1107.34,1146.13,1075.0,1139.6,748884.5791,1327.7605,1449.2457000000004,1147.2473113340016,-54.06641984131488,
1.6691616E12,1139.59,1190.0,1127.75,1184.52,636927.1594,1308.8235,1441.2886000000005,1136.873542968366,-7.6473113340016425,
1.669248E12,1184.52,1217.71,1180.6,1203.73,486080.6123,1291.4990000000003,1434.1432,1131.65545801138,47.64645703163387,
1.6693344E12,1203.72,1207.77,1171.2,1199.3,391430.1658,1269.4464999999998,1427.4138,1136.3351403588272,72.07454198862001,
1.6694208E12,1199.29,1235.66,1196.2,1205.6,379840.8116,1248.0624999999995,1421.0643,1146.4518281660248,62.96485964117278,
1.6695072E12,1205.61,1223.33,1188.65,1193.88,286386.7986,1229.9279999999999,1414.6563999999998,1158.3353659825966,59.148171833975084,
1.6695936E12,1193.88,1199.25,1151.02,1167.77,478795.6093,1211.2169999999999,1410.5050999999999,1176.4513302293958,35.544634017403496,
1.66968E12,1167.77,1228.37,1158.27,1216.49,512143.5861,1202.8669999999997,1406.4224,1192.6407117628191,-8.681330229395826,
1.6697664E12,1216.49,1309.77,1212.5,1294.46,815679.2717,1208.5549999999998,1402.4059999999997,1199.0017263926773,23.849288237180872,
1.6698528E12,1294.46,1299.9,1262.77,1276.41,430018.7391,1208.314,1399.1039999999996,1208.4672730593575,95.45827360732278,
1.6699392E12,1276.4,1297.18,1265.24,1295.59,371559.585,1207.6705000000002,1395.2139999999997,1217.9606908664634,67.94272694064261,
1.6700256E12,1295.58,1309.0,1236.26,1240.51,347148.2588,1209.5875,1391.6042999999997,1216.8523287291566,77.62930913353648,
1.670112E12,1240.5,1287.19,1240.1,1279.41,324129.5466,1210.5385,1387.0583,1222.781926874315,23.657671270843366,
1.6701984E12,1279.4,1305.11,1246.61,1259.41,391628.5166,1212.3449999999998,1384.7706,1246.0989906279583,56.62807312568498,
1.6702848E12,1259.41,1274.76,1241.56,1271.32,301631.839,1212.654,1382.4541000000004,1257.0982950241444,13.31100937204178,
1.6703712E12,1271.31,1278.69,1218.01,1231.18,398559.5166,1215.4115,1380.8997000000004,1265.210212476794,14.221704975855573,
1.6704576E12,1231.18,1292.58,1222.01,1280.18,406653.5447,1216.949,1377.6935000000003,1270.7938482305738,-34.03021247679385,
1.670544E12,1280.18,1296.64,1250.0,1263.1,406008.0032,1220.329,1375.2494,1277.7342814347662,9.386151769426306,
1.6706304E12,1263.11,1283.61,1259.6,1266.35,182278.6396,1222.6005,1372.3394,1283.1709159456564,-14.634281434766308,
1.6707168E12,1266.35,1284.75,1255.85,1263.01,180494.902,1228.8075000000001,1369.1413,1283.533561864723,-16.820915945656452,
1.6708032E12,1263.0,1278.9,1240.03,1275.4,363750.5481,1236.591,1366.0179000000003,1283.516698265007,-20.52356186472298,
1.6708896E12,1275.41,1349.0,1255.1,1320.69,659393.8825,1243.3809999999999,1363.1973000000005,1282.9785773321698,-8.116698265007017,
1.670976E12,1320.69,1352.72,1301.0,1307.44,554465.5717,1250.1894999999997,1360.6114000000002,1283.165438146347,37.71142266783022,
1.6710624E12,1307.45,1311.14,1259.27,1266.54,390051.2447,1255.3749999999995,1357.5078000000003,1282.1348015882313,24.27456185365304,
1.6711488E12,1266.53,1280.06,1155.32,1166.83,751422.2779,1258.7369999999996,1354.5831000000003,1281.29961954753,-15.594801588231348,
1.6712352E12,1166.82,1190.03,1161.92,1187.16,328881.6281,1256.7985,1349.9514,1274.1755821413194,-114.4696195475301,
1.6713216E12,1187.16,1199.54,1170.32,1183.06,252260.144,1256.4625,1345.4693,1261.0179825378493,-87.01558214131933,
1.671408E12,1183.06,1195.0,1150.51,1167.82,296832.7228,1257.227,1340.1175999999998,1247.0031139328398,-77.95798253784938,
1.6714944E12,1167.82,1230.47,1163.12,1216.94,465184.1943,1254.7935000000002,1334.0546000000002,1230.8343850587135,-79.18311393283989,
1.6715808E12,1216.95,1223.39,1203.02,1213.78,245723.8377,1250.9175,1328.5629000000001,1218.409248960115,-13.894385058713397,
1.6716672E12,1213.78,1237.99,1182.54,1217.71,336761.6598,1247.7859999999998,1323.537,1210.2715528314834,-4.629248960115092,
1.6717536E12,1217.72,1231.99,1210.0,1219.99,278604.2882,1243.892,1319.9701,1205.2216642530084,7.438447168516632,
1.67184E12,1219.98,1227.99,1214.69,1220.41,123701.5301,1242.866,1315.7861000000003,1206.2891244446325,14.768335746991625,
1.6719264E12,1220.42,1225.0,1193.18,1218.51,231652.0612,1239.916,1313.2627000000005,1207.748489014226,14.120875555367547,
1.6720128E12,1218.52,1231.09,1211.67,1228.11,162723.0857,1237.8709999999999,1311.1088000000004,1204.7114930580758,10.761510985774066,
1.6720992E12,1228.12,1233.73,1200.58,1211.55,262437.6398,1235.7104999999997,1308.7016000000006,1203.9038895991887,23.398506941924097,
1.6721856E12,1211.55,1215.78,1181.06,1190.15,367828.8914,1234.7289999999998,1307.4720000000004,1201.1824116639764,7.646110400811267,
1.672272E12,1190.15,1206.57,1186.77,1200.49,249130.4869,1230.2275000000002,1305.6137000000006,1200.6826513648348,-11.03241166397629,
1.6723584E12,1200.48,1202.15,1181.08,1199.99,266014.2115,1227.0970000000002,1304.3893000000005,1197.4583824746212,-0.19265136483477363,
1.6724448E12,1199.98,1208.46,1191.66,1196.13,139379.2811,1223.7790000000002,1303.9314000000006,1197.107219117267,2.531617525378806,
1.6725312E12,1196.13,1204.67,1190.57,1200.34,117762.0685,1220.4350000000002,1302.6281000000006,1196.238649018814,-0.9772191172669409,
1.6726176E12,1200.33,1224.29,1193.0,1214.0,252794.14,1216.6820000000002,1301.3590000000006,1199.7926687623985,4.101350981185988,
1.672704E12,1213.99,1219.89,1204.93,1214.55,205519.4944,1211.3475000000003,1300.3277000000007,1201.9658444638324,14.207331237601466,
1.6727904E12,1214.56,1272.6,1212.71,1256.9,457799.6648,1206.7030000000002,1299.5269000000005,1206.7211096032086,12.5841555361676,
1.6728768E12,1256.91,1259.95,1242.81,1251.24,272805.33,1206.221,1298.7342000000006,1214.6015308507917,50.17889039679153,
1.6729632E12,1251.25,1276.7,1236.0,1269.14,342344.2023,1210.4415000000001,1297.9664000000005,1225.3541060808034,36.63846914920828,
1.6730496E12,1269.13,1271.09,1261.3,1264.07,129474.2884,1214.5405,1297.2858000000006,1235.3879744848493,43.785893919196724,
1.673136E12,1264.06,1296.0,1257.77,1290.16,213636.7848,1218.591,1296.5695000000007,1240.286771628757,28.6820255151506,
1.6732224E12,1290.15,1344.91,1285.44,1320.39,581727.6968,1224.708,1296.183900000001,1243.4736867850238,49.87322837124316,
1.6733088E12,1320.4,1347.69,1316.8,1335.62,459660.2307,1229.8805,1296.269900000001,1249.7884616504095,76.9163132149763,
1.6733952E12,1335.63,1398.0,1321.04,1389.39,472465.9556,1235.9725,1296.8589000000009,1265.416658183138,85.83153834959035,
1.6734816E12,1389.4,1438.0,1361.92,1415.92,877712.4492,1244.5564999999997,1297.5219000000006,1284.3894734079831,123.9733418168621,
1.673568E12,1415.91,1464.0,1401.03,1451.2,499377.8649,1254.3529999999998,1298.0662000000007,1308.9885404888494,131.53052659201694,
1.6736544E12,1451.21,1599.98,1449.14,1549.9,940691.7774,1265.8924999999997,1299.0562000000004,1339.083569729771,142.21145951115068,
1.6737408E12,1549.91,1566.66,1516.03,1552.52,387832.7138,1282.462,1301.0346000000004,1374.0311472127908,210.81643027022915,
1.6738272E12,1552.52,1604.5,1521.31,1576.94,574622.8953,1298.6825000000001,1303.2488000000005,1414.0744360080357,178.48885278720923,
1.6739136E12,1576.94,1609.0,1541.15,1565.57,506771.7219,1316.9519999999998,1305.8634000000004,1452.7142511890254,162.86556399196434,
1.674E12,1565.56,1610.0,1501.39,1511.43,752534.8857,1335.7229999999997,1308.2878000000005,1488.3515975880428,112.85574881097455,
1.6740864E12,1511.44,1564.43,1509.15,1551.09,308679.4645,1351.27,1310.5018000000002,1514.8752631249113,23.078402411957313,
1.6741728E12,1551.09,1669.9,1542.02,1658.52,440570.9974,1368.825,1313.2116,1535.7735306647655,36.21473687508865,
1.6742592E12,1658.53,1679.26,1616.21,1626.66,494248.6009,1391.9445,1316.8524,1561.3136145248857,122.74646933523445,
1.6743456E12,1626.65,1663.89,1604.0,1627.44,431729.6909,1413.2604999999999,1320.2482,1588.171260022265,65.3463854751144,
1.674432E12,1627.43,1648.09,1585.29,1626.29,407267.1156,1433.9325,1323.5599,1609.6953909078586,39.268739977735095,
1.6745184E12,1626.28,1641.46,1535.0,1555.97,462275.3243,1454.5194999999999,1327.0736000000002,1626.016704597526,16.594609092141354,
1.6746048E12,1555.97,1641.0,1518.0,1611.94,646474.9166,1469.4730000000002,1329.5738000000001,1632.9510575695451,-70.04670459752606,
1.6746912E12,1611.95,1632.84,1577.43,1601.09,532777.8466,1487.5080000000003,1332.3792,1635.5351550720554,-21.011057569545073,
1.6747776E12,1601.08,1621.0,1552.54,1597.62,512093.3875,1504.1055000000001,1335.283,1638.2326782900939,-34.44515507205551,
1.674864E12,1597.61,1606.83,1555.99,1572.1,313675.6574,1520.783,1338.4083,1636.6008914396657,-40.61267829009398,
1.6749504E12,1572.1,1660.0,1566.33,1644.72,551767.9134,1534.8799999999999,1341.3036000000002,1631.4089922375922,-64.50089143966579,
1.6750368E12,1644.73,1647.53,1535.0,1566.2,595055.3281,1551.0965,1344.7533,1625.2271474980905,13.311007762407826,
1.6751232E12,1566.21,1605.18,1561.63,1585.33,348856.6751,1562.6255,1347.2792000000002,1618.3880228606795,-59.02714749809047,
1.6752096E12,1585.32,1647.77,1555.18,1641.68,474617.1709,1572.4225000000001,1349.4905,1606.3442971070308,-33.05802286067956,
1.675296E12,1641.67,1714.68,1626.85,1643.12,629188.8874,1583.7105,1352.4712,1601.9083664264485,35.335702892969266,
1.6753824E12,1643.12,1676.0,1625.93,1663.52,464815.032,1593.3065000000001,1354.305,1602.66074719891,41.21163357355135,
1.6754688E12,1663.52,1695.29,1645.43,1666.38,308227.1295,1598.9875,1355.2792000000002,1606.1665556435246,60.85925280108995,
1.6755552E12,1666.39,1673.81,1609.3,1629.02,413579.6748,1604.6805000000002,1356.8025000000002,1614.3565064146799,60.21344435647552,
1.6756416E12,1629.01,1658.56,1605.01,1614.29,384119.4197,1607.2845000000002,1357.5486,1620.1873748230626,14.663493585320111,
1.675728E12,1614.28,1678.37,1613.14,1671.03,451922.4,1609.7205000000001,1357.4960000000003,1624.1975665914604,-5.8973748230625915,
1.6758144E12,1671.03,1697.91,1630.47,1650.43,417966.2539,1617.7005000000001,1358.3019000000004,1632.482525793929,46.8324334085396,
1.6759008E12,1650.42,1656.17,1524.4,1545.35,658011.6964,1622.6675000000002,1359.0793000000003,1637.7721434185783,17.947474206071092,
1.6759872E12,1545.35,1555.01,1490.0,1513.06,484654.2199,1617.009,1358.7480000000003,1634.0647523449265,-92.42214341857834,
1.6760736E12,1513.05,1543.0,1505.0,1538.51,289691.5708,1611.329,1358.6952,1618.6008851649763,-121.0047523449266,
1.67616E12,1538.5,1548.02,1493.08,1514.83,286758.374,1606.8825000000002,1358.7702000000004,1603.6867717733332,-80.09088516497627,
1.6762464E12,1514.82,1526.1,1461.93,1505.24,643152.3904,1601.3095,1357.4707,1595.315161023854,-88.85677177333332,
1.6763328E12,1505.25,1569.0,1482.66,1555.71,668964.3768,1598.7730000000001,1356.2532999999999,1584.9608387746814,-90.07516102385398,
1.6764192E12,1555.7,1680.0,1542.55,1674.92,581207.8586,1595.9615,1356.1275,1570.1560668827856,-29.25083877468137,
1.6765056E12,1674.92,1742.97,1633.72,1637.84,832723.6731,1599.6530000000002,1357.1957,1569.2872517003498,104.76393311721449,
1.676592E12,1637.83,1722.0,1630.51,1693.87,579934.663,1601.6640000000002,1360.2263999999998,1573.9725133794898,68.55274829965015,
1.6766784E12,1693.81,1713.13,1679.77,1691.62,267305.7813,1607.7525,1366.1378,1579.521015203343,119.89748662051011,
1.6767648E12,1691.62,1726.59,1666.14,1679.75,401023.0477,1610.0975,1370.0611999999999,1595.1689802279711,112.09898479665685,
1.6768512E12,1679.74,1719.89,1650.56,1703.27,451314.8335,1615.775,1373.9659,1606.6195285548895,84.58101977202887,
1.6769376E12,1703.27,1716.66,1636.3,1659.76,520354.4688,1621.672,1378.4261,1619.820248650234,96.6504714451105,
1.677024E12,1659.77,1666.95,1595.07,1643.14,528875.4809,1622.576,1382.8088,1632.1111047068275,39.939751349766084,
1.6771104E12,1643.15,1679.0,1628.75,1650.53,501305.9717,1622.5769999999998,1386.8074000000001,1642.9558706565626,11.028895293172582,
1.6771968E12,1650.52,1664.66,1575.64,1607.8,512515.4982,1621.9274999999996,1390.7803999999999,1647.4805594256875,7.574129343437335,
1.6772832E12,1607.8,1608.98,1557.33,1594.58,290188.0391,1618.9984999999997,1394.6966999999997,1655.5586251007728,-39.680559425687534,
1.6773696E12,1594.58,1651.26,1587.76,1641.36,308607.9941,1617.2764999999995,1398.6381999999999,1659.709238319164,-60.97862510077289,
1.677456E12,1641.37,1665.22,1608.0,1633.45,431861.4129,1618.6299999999999,1402.9259999999997,1662.1023145123067,-18.349238319163987,
1.6775424E12,1633.45,1647.52,1596.66,1605.23,393523.1647,1616.751,1407.0837999999997,1665.981267848759,-28.652314512306702,
1.6776288E12,1605.24,1669.72,1595.0,1665.22,474456.8235,1614.491,1411.7139999999997,1663.666228188576,-60.75126784875897,
1.6777152E12,1665.23,1677.86,1619.18,1647.86,423023.8082,1620.4844999999998,1417.2927999999997,1660.4268601924814,1.5537718114239851,
1.6778016E12,1647.86,1649.25,1544.39,1569.45,742816.5976,1627.2244999999998,1422.3753999999994,1660.4064585159533,-12.5668601924815,
1.677888E12,1569.45,1577.53,1549.12,1566.73,237640.2606,1628.7715000000003,1426.2246999999998,1652.7092520010722,-90.95645851595327,
1.6779744E12,1566.74,1588.77,1553.05,1564.58,299240.7415,1631.3665,1429.8547,1631.72882341374,-85.97925200107215,
1.6780608E12,1564.57,1583.49,1554.44,1565.84,307709.3011,1634.3335000000002,1433.5075,1607.7489844785673,-67.14882341374005,
1.6781472E12,1565.84,1584.49,1536.14,1561.96,437947.9032,1634.8400000000004,1437.1099,1590.1751008070742,-41.90898447856739,
1.6782336E12,1561.95,1570.89,1523.61,1532.38,460101.7658,1629.192,1440.7906999999998,1576.8228436488914,-28.215100807074123,
1.67832E12,1532.38,1546.45,1408.0,1437.32,718485.1364,1623.9190000000003,1444.4367999999997,1562.1268784671543,-44.44284364889131,
1.6784064E12,1437.32,1439.43,1368.39,1426.44,960262.4509,1611.0915,1446.6450999999997,1544.359574853618,-124.80687846715432,
1.6784928E12,1426.43,1478.07,1408.4,1471.97,1374859.6201,1597.8325000000002,1447.9649,1525.9085625032742,-117.91957485361786,
1.6785792E12,1471.93,1594.19,1448.3,1580.33,1002355.0929,1587.4434999999999,1449.9204999999995,1512.94677074201,-53.93856250327417,
1.6786656E12,1580.33,1693.49,1565.0,1673.45,1228063.6053,1581.2965,1452.7678999999996,1506.1114777617104,67.38322925799002,
1.678752E12,1673.44,1780.02,1655.24,1699.4,1283321.2355,1581.981,1457.0972999999994,1519.3467724383925,167.33852223828967,
1.6788384E12,1699.41,1716.9,1611.0,1649.96,963142.4833,1584.794,1461.2971999999997,1538.9221847679169,180.05322756160763,
1.6789248E12,1649.95,1691.42,1632.18,1673.73,627985.6119,1584.7655,1465.2026999999996,1557.2876623021662,111.03781523208318,
1.6790112E12,1673.73,1800.0,1662.65,1789.27,907528.2825,1588.062,1469.2268,1574.5799920915688,116.44233769783386,
1.6790976E12,1789.26,1841.0,1747.47,1758.84,711614.731,1597.7965000000002,1474.8076999999998,1598.8672820762104,214.6900079084312,
1.679184E12,1758.84,1841.36,1757.92,1780.68,541131.8908,1603.6705000000002,1479.5942999999997,1630.8196313161868,159.97271792378956,
1.6792704E12,1780.67,1803.05,1722.0,1732.78,682848.1248,1611.032,1484.7700999999997,1661.9500699324187,149.86036868381325,
1.6793568E12,1732.77,1835.0,1717.01,1801.23,742348.4999,1617.4095000000002,1489.4343999999996,1688.4816963638025,70.82993006758124,
1.6794432E12,1801.23,1819.98,1710.12,1734.33,891287.6009,1624.21,1494.8165999999997,1717.6325168927365,112.74830363619753,
1.6795296E12,1734.34,1857.16,1729.35,1813.79,732061.103,1628.5335,1499.4059,1746.4198641592227,16.69748310726345,
1.679616E12,1813.78,1818.99,1726.4,1749.57,564770.1417,1640.7505,1504.3369,1769.7624653120884,67.37013584077727,
1.6797024E12,1749.57,1763.23,1713.09,1741.88,355679.3743,1649.8925,1508.7581999999998,1790.507946981271,-20.192465312088416,
1.6797888E12,1741.88,1801.0,1739.31,1773.88,354933.2372,1658.7574999999997,1513.5116,1804.0336706982969,-48.62794698127095,
1.6798752E12,1773.88,1780.48,1686.13,1715.22,570563.5023,1669.1595000000002,1519.5820999999999,1809.1531498219415,-30.153670698296764,
1.6799616E12,1715.21,1795.73,1701.13,1772.99,536511.3973,1676.8225000000002,1524.8627000000001,1806.40130375714,-93.93314982194147,
1.680048E12,1773.0,1827.99,1772.48,1793.07,536865.5972,1688.8529999999998,1530.7619999999997,1803.795088426368,-33.411303757140104,
1.6801344E12,1793.06,1829.69,1763.0,1793.61,579690.0394,1706.6405000000002,1537.0144999999998,1802.7929641402823,-10.725088426368075,
1.6802208E12,1793.6,1847.28,1777.91,1821.52,554525.4762,1724.9990000000003,1542.7812,1799.3898251761457,-9.182964140282365,
1.6803072E12,1821.52,1842.83,1807.81,1820.79,272904.9674,1742.4765,1548.8585999999998,1794.0447977569086,22.130174823854304,
1.6803936E12,1820.8,1824.81,1771.7,1794.51,322122.9385,1754.4995000000004,1554.8894,1787.3486637513188,26.7452022430914,
1.68048E12,1794.51,1839.99,1762.77,1810.51,628503.6619,1760.5525000000005,1560.6346000000003,1778.5362802607892,7.161336248681209,
1.6805664E12,1810.51,1891.91,1802.01,1870.37,622208.6411,1766.1080000000006,1566.5356,1777.5954269704562,31.973719739210765,
1.6806528E12,1870.38,1942.98,1864.58,1908.69,548595.5155,1777.1285000000003,1573.0542,1788.375610497902,92.77457302954372,
1.6807392E12,1908.68,1909.91,1853.7,1872.41,396241.4352,1788.8765000000003,1579.86,1809.5447257040003,120.31438950209804,
1.6808256E12,1872.41,1882.61,1841.46,1863.72,284256.4873,1793.0335000000002,1586.4686000000002,1827.8327072346297,62.865274295999825,
1.680912E12,1863.73,1879.38,1847.0,1848.82,197905.5407,1798.2775000000001,1593.2042999999999,1837.8048311062573,35.887292765370375,
1.6809984E12,1848.82,1873.99,1824.01,1858.92,287131.3079,1801.6844999999998,1599.6876000000002,1844.1652206093086,11.015168893742612,
1.6810848E12,1858.91,1918.79,1846.4,1910.2,434739.7984,1807.9914999999996,1606.2769,1855.104427704431,14.75477939069151,
1.6811712E12,1910.21,1937.37,1881.11,1889.86,405203.4892,1813.4399999999998,1613.4176,1871.0670024476967,55.09557229556913,
1.6812576E12,1889.86,1933.0,1852.65,1917.39,630844.4186,1821.2164999999998,1620.3128,1880.2498120339953,18.792997552303177,
1.681344E12,1917.4,2023.0,1899.55,2012.01,676164.5188,1826.3964999999996,1627.3467,1890.3119735585815,37.14018796600476,
1.6814304E12,2012.0,2128.76,2009.22,2099.99,896307.3934,1839.5185000000001,1635.3213000000003,1905.535172937088,121.6980264414185,
1.6815168E12,2099.99,2111.85,2071.13,2090.6,321823.7851,1857.4240000000002,1643.7522000000004,1936.0540179700831,194.45482706291182,
1.6816032E12,2090.61,2141.54,2072.72,2118.67,319880.4393,1873.2599999999998,1652.1458000000005,1964.6962447572241,154.5459820299168,
1.6816896E12,2118.66,2120.51,2056.25,2074.0,426972.7071,1893.4324999999997,1660.6411000000005,1997.1798520821292,153.97375524277595,
1.681776E12,2073.99,2125.0,2051.0,2103.5,414244.6135,1908.4829999999997,1668.7404000000006,2019.0861362802725,76.82014791787083,
1.6818624E12,2103.51,2104.6,1923.03,1933.73,775389.0602,1924.0044999999998,1676.873800000001,2040.9388909509883,84.41386371972749,
1.6819488E12,1933.74,1982.99,1914.43,1942.98,625336.2495,1931.0104999999999,1683.007200000001,2050.9326220588478,-107.20889095098823,
1.6820352E12,1942.98,1957.27,1825.0,1848.78,688876.6186,1937.0835,1689.080800000001,2044.3792057649907,-107.95262205884774,
1.6821216E12,1848.77,1887.31,1841.64,1874.16,331007.5879,1938.4829999999997,1693.674700000001,2034.9664450991024,-195.59920576499076,
1.682208E12,1874.17,1882.01,1836.37,1862.0,344514.3444,1942.4655000000002,1698.2571000000007,2015.9193658996996,-160.80644509910235,
1.6822944E12,1862.01,1890.0,1806.0,1841.84,447864.0517,1945.0399999999997,1702.365100000001,1995.3737474403538,-153.91936589969964,
1.6823808E12,1841.84,1877.86,1801.66,1866.1,457870.6047,1943.6135,1705.2845000000007,1972.0372134979928,-153.53374744035386,
1.6824672E12,1866.1,1964.72,1785.0,1866.01,897709.7298,1941.4839999999997,1708.420300000001,1946.763847416113,-105.93721349799284,
1.6825536E12,1866.01,1940.96,1861.19,1908.68,727472.9466,1941.164,1711.3110000000008,1923.5422256497832,-80.7538474161131,
1.68264E12,1908.68,1923.88,1873.94,1890.94,387630.7791,1943.4119999999998,1714.7421000000008,1907.277089739137,-14.862225649783113,
1.6827264E12,1890.93,1918.0,1883.05,1907.8,182046.1406,1945.518,1718.537200000001,1894.849440073088,-16.3370897391369,
1.6828128E12,1907.79,1939.0,1866.16,1870.09,355336.4888,1947.9620000000002,1722.1043000000009,1880.458154817114,12.950559926911865,
1.6828992E12,1870.08,1886.49,1806.12,1830.73,445519.1779,1945.9564999999998,1724.2200000000005,1862.92207637771,-10.368154817114146,
1.6829856E12,1830.73,1881.87,1822.94,1870.08,373753.2027,1943.0,1726.2607000000007,1844.4861145694626,-32.19207637771001,
1.683072E12,1870.09,1916.52,1842.64,1905.12,465185.2501,1940.6344999999997,1728.6871000000006,1830.3853117224307,25.593885430537284,
1.6831584E12,1905.12,1918.26,1866.71,1877.07,354528.6144,1935.2900000000002,1731.4754000000007,1828.024395550261,74.73468827756915,
1.6832448E12,1877.07,1998.36,1875.65,1993.3,546608.875,1924.1439999999998,1734.6864000000007,1831.8566563662691,49.0456044497389,
1.6833312E12,1993.3,2019.0,1860.0,1896.33,608106.9915,1919.279,1738.5000000000002,1844.235483890856,161.44334363373082,
1.6834176E12,1896.33,1933.33,1867.59,1870.4,413268.8357,1908.1620000000003,1741.4524000000001,1865.8016182964445,52.094516109144024,
1.683504E12,1870.41,1883.97,1810.73,1847.56,625316.6168,1897.982,1744.1802000000002,1883.1770159271948,4.59838170355556,
1.6835904E12,1847.55,1861.88,1830.99,1846.52,304396.186,1885.185,1746.9348,1894.3563383570904,-35.61701592719487,
1.6836768E12,1846.53,1887.47,1790.51,1840.84,639933.3855,1880.8245,1748.9527999999998,1897.4013573474242,-47.836338357090426,
1.6837632E12,1840.83,1842.02,1772.68,1794.3,522096.0725,1875.7174999999995,1751.6991999999998,1898.3598191231426,-56.56135734742429,
1.6838496E12,1794.31,1818.63,1740.0,1807.45,565539.8309,1872.9935,1753.7888999999998,1889.3146329426886,-104.05981912314269,
1.683936E12,1807.45,1817.03,1785.23,1795.11,212895.4373,1869.6580000000001,1755.4465999999998,1876.0967822841596,-81.86463294268856,
1.6840224E12,1795.12,1824.0,1789.82,1799.21,218101.0977,1866.3134999999997,1756.9664999999993,1854.2197147425702,-80.98678228415974,
1.6841088E12,1799.2,1846.7,1785.05,1816.2,388171.9261,1864.182,1758.3233999999993,1840.0902052141505,-55.00971474257017,
1.6841952E12,1816.21,1832.64,1796.2,1824.21,311238.6786,1861.687,1759.8215999999995,1824.8132049543922,-23.890205214150456,
1.6842816E12,1824.21,1837.5,1783.68,1822.12,352097.9913,1859.5970000000002,1761.773499999999,1818.2507904566778,-0.6032049543921403,
1.684368E12,1822.12,1831.92,1771.12,1800.56,293755.311,1855.2690000000002,1763.851799999999,1811.4062667764713,3.8692095433220857,
1.6844544E12,1800.56,1829.54,1796.81,1812.32,243116.4676,1850.75,1765.1470999999992,1804.9368785683578,-10.846266776471339,
1.6845408E12,1812.31,1828.87,1807.06,1819.42,127754.4349,1845.9759999999999,1766.7659999999992,1801.4205979171973,7.3831214316421665,
1.6846272E12,1819.42,1828.98,1797.21,1804.91,161517.8053,1843.4424999999997,1769.5066999999992,1799.7438017005177,17.999402082802817,
1.6847136E12,1804.91,1828.27,1792.01,1817.35,237498.9423,1842.1515,1772.4251999999997,1799.6033175132657,5.166198299482403,
1.6848E12,1817.36,1872.5,1815.24,1854.05,396869.6097,1839.515,1775.2135999999996,1797.224654205309,17.746682486734244,
1.6848864E12,1854.06,1854.09,1777.6,1799.89,420846.1445,1836.9615000000001,1778.6057999999994,1800.2624458133212,56.825345794690975,
1.6849728E12,1799.89,1818.81,1761.41,1805.6,350633.0089,1833.1025000000002,1781.5522999999996,1800.9932701350212,-0.37244581332106463,
1.6850592E12,1805.61,1838.2,1796.99,1827.79,275690.6854,1823.7175,1784.0511999999997,1801.579287374514,4.606729864978661,
1.6851456E12,1827.8,1836.12,1812.18,1829.89,138824.9406,1820.2904999999998,1785.5798999999997,1809.320566635315,26.21071262548594,
1.685232E12,1829.89,1918.65,1823.6,1908.64,378392.4371,1818.2649999999999,1787.5004,1818.024401511699,20.56943336468521,
1.6853184E12,1908.64,1927.62,1873.65,1892.6,313593.4942,1821.319,1789.6480999999997,1830.3425009987834,90.6155984883012,
1.6854048E12,1892.6,1917.0,1881.19,1900.59,272665.8402,1823.6229999999996,1791.6578999999997,1849.2312301524278,62.2574990012165,
1.6854912E12,1900.58,1907.13,1846.95,1873.63,319255.5681,1826.6104999999995,1793.8662999999997,1855.7412009380116,51.35876984757215,
1.6855776E12,1873.63,1889.2,1840.0,1861.78,270496.6097,1830.5769999999993,1795.5699,1863.9135979803295,17.888799061988493,
1.685664E12,1861.78,1910.0,1847.51,1906.68,313004.0658,1833.2934999999993,1797.5901000000001,1868.5833740481226,-2.1335979803295686,
1.6857504E12,1906.69,1907.92,1881.6,1892.06,148818.2427,1838.8719999999998,1800.2255000000002,1875.1838450835864,38.09662595187751,
1.6858368E12,1892.05,1914.63,1884.22,1890.01,172683.0119,1843.5144999999998,1802.6408000000001,1881.9075829769774,16.876154916413498,
1.6859232E12,1890.0,1890.63,1778.0,1810.5,555361.2683,1847.2049999999995,1805.4629000000004,1885.4543547695962,8.102417023022554,
1.6860096E12,1810.49,1898.29,1797.18,1884.64,491407.2174,1846.5194999999999,1807.6221000000005,1885.1865354218648,-74.9543547695962,
1.686096E12,1884.65,1897.8,1821.18,1832.13,429196.7064,1849.6454999999999,1810.0549000000008,1882.7742289721884,-0.5465354218647462,
1.6861824E12,1832.12,1861.28,1828.31,1845.64,189270.4853,1851.2239999999995,1812.0417000000007,1882.275859326457,-50.64422897218833,
1.6862688E12,1845.65,1855.0,1827.0,1840.37,198324.3252,1852.8899999999999,1814.445800000001,1878.4568336334828,-36.635859326456966,
1.6863552E12,1840.37,1844.99,1715.03,1751.53,652324.6695,1853.9375,1816.1973000000007,1873.5186668019162,-38.08683363348291,
1.6864416E12,1751.52,1778.25,1738.72,1752.76,219956.2434,1851.2685000000001,1817.2340000000008,1860.419936997671,-121.98866680191622,
1.686528E12,1752.77,1759.33,1720.0,1742.57,302132.4819,1848.039,1819.0671000000011,1840.507790475473,-107.65993699767091,
1.6866144E12,1742.57,1770.13,1724.22,1740.12,284268.0018,1842.4650000000001,1820.825500000001,1821.8563161547127,-97.9377904754731,
1.6867008E12,1740.12,1750.03,1630.43,1650.95,415847.327,1839.4765,1822.580900000001,1802.3744254345552,-81.73631615471277,
1.6867872E12,1650.95,1680.91,1626.01,1666.96,370774.7696,1831.744,1823.4320000000014,1776.8719042478392,-151.42442543455513,
1.6868736E12,1666.96,1729.5,1649.86,1717.92,311734.5904,1823.7024999999999,1824.4820000000013,1749.1454644740174,-109.91190424783917,
1.68696E12,1717.91,1770.0,1714.26,1727.76,210914.9216,1818.1039999999994,1826.3374000000013,1728.0074691554569,-31.22546447401737,
1.6870464E12,1727.75,1747.84,1712.0,1720.95,156535.0128,1809.06,1829.2418000000014,1710.6492806034396,-0.24746915545688353,
1.6871328E12,1720.95,1752.19,1698.0,1737.11,245162.7589,1800.4774999999997,1832.1869000000013,1700.7287704788769,10.300719396560453,
1.6872192E12,1737.1,1796.99,1714.72,1791.99,328855.6846,1792.3034999999995,1834.838300000001,1695.743671623598,36.38122952112303,
1.6873056E12,1791.99,1901.0,1787.38,1889.11,613755.8869,1788.2214999999997,1836.954900000001,1698.8714511786156,96.24632837640206,
1.687392E12,1889.1,1933.17,1865.98,1872.01,416714.5719,1789.5879999999997,1839.1115000000011,1717.353994461685,190.23854882138426,
1.6874784E12,1872.0,1936.42,1861.01,1892.63,401147.9324,1787.8545,1840.8376000000012,1738.2866448048412,154.65600553831496,
1.6875648E12,1892.63,1906.0,1864.77,1874.96,226910.2941,1787.8829999999998,1843.2643000000012,1761.5319691537698,154.3433551951589,
1.6876512E12,1874.95,1930.0,1868.83,1898.8,338757.6158,1787.1305,1845.2766000000013,1784.5989472689814,113.42803084623029,
1.6877376E12,1898.8,1909.1,1837.18,1858.97,458743.861,1791.5455000000006,1846.3719000000006,1810.0248133713435,114.20105273101854,
1.687824E12,1858.97,1912.53,1855.19,1889.58,366634.5707,1790.262,1847.3732000000007,1835.163403045672,48.94518662865653,
1.6879104E12,1889.58,1890.19,1816.56,1828.02,337836.5792,1793.1345000000001,1848.4622000000004,1854.621996421199,54.416596954327815,
1.6879968E12,1828.03,1880.0,1827.84,1851.99,241844.8281,1792.2535,1849.4146000000003,1869.7468938117083,-26.60199642119892,
1.6880832E12,1851.99,1948.6,1825.01,1933.79,716538.1035,1792.8344999999997,1849.9222,1878.367346741175,-17.756893811708323,
1.6881696E12,1933.8,1944.56,1909.44,1924.5,178373.3688,1801.9475000000002,1851.9168000000002,1897.6624719819565,55.422653258824994,
1.688256E12,1924.5,1959.2,1885.75,1937.48,255852.7832,1810.5345000000002,1853.0239000000004,1912.68561618464,26.837528018043486,
1.6883424E12,1937.49,1976.16,1933.55,1955.54,322102.4295,1820.2800000000002,1854.9030000000005,1926.7489859725392,24.794383815360106,
1.6884288E12,1955.55,1967.08,1931.58,1936.2,205525.0984,1831.0510000000006,1857.0396000000005,1936.5778517717695,28.791014027460733,
1.6885152E12,1936.19,1942.5,1894.51,1910.36,267633.4783,1845.3135000000002,1858.6628000000005,1940.1031013641796,-0.3778517717694285,
1.6886016E12,1910.35,1958.0,1846.0,1846.17,456362.741,1857.4834999999998,1860.6142000000004,1941.8642559938348,-29.743101364179665,
1.688688E12,1846.17,1878.0,1826.0,1870.91,232944.3466,1863.8960000000002,1861.3460000000005,1933.3464920243366,-95.69425599383476,
1.6887744E12,1870.92,1876.0,1842.8,1865.24,125819.8273,1871.0535000000004,1862.1244000000004,1919.3794410851335,-62.43649202433653,
1.6888608E12,1865.24,1879.36,1856.15,1862.8,135046.3743,1878.2680000000005,1862.8407000000004,1904.1510810538475,-54.13944108513351,
1.6889472E12,1862.81,1905.5,1846.63,1880.4,247868.1494,1884.5525000000005,1863.2535,1895.0406027557442,-41.351081053847565,
1.6890336E12,1880.41,1891.99,1862.38,1878.3,177771.6117,1888.9730000000004,1863.8496,1888.4353393513054,-14.640602755744112,
1.68912E12,1878.31,1902.0,1864.37,1871.82,264406.8673,1888.4325000000003,1864.6875,1881.5645122440683,-10.135339351305447,
1.6892064E12,1871.82,2012.63,1862.59,2004.49,548861.4207,1888.4230000000002,1865.3005999999996,1875.7249109326485,-9.744512244068346,
1.6892928E12,2004.49,2029.11,1898.39,1937.83,498724.0359,1894.016,1866.6417999999999,1883.0212037524657,128.76508906735148,
1.6893792E12,1937.82,1946.37,1926.23,1931.41,135181.7663,1897.1595000000002,1866.9331999999995,1898.3273231460275,54.80879624753425,
1.6894656E12,1931.41,1943.55,1914.0,1922.11,148667.1051,1898.7900000000002,1867.5231999999994,1908.142278382237,33.08267685397254,
1.689552E12,1922.12,1936.18,1873.26,1911.2,277159.0349,1901.9470000000006,1868.1070999999993,1910.676170169382,13.96772161776289,
1.6896384E12,1911.21,1917.19,1875.73,1897.21,215780.5006,1903.0280000000002,1868.730899999999,1912.8280646630285,0.5238298306180695,
1.6897248E12,1897.21,1922.04,1882.17,1888.63,218045.0005,1906.4875,1869.1137999999992,1911.312996092043,-15.618064663028463,
1.6898112E12,1888.64,1929.05,1878.0,1891.59,292907.5164,1908.3195,1868.8980999999994,1909.2425102951552,-22.682996092042913,
1.6898976E12,1891.59,1905.74,1884.64,1891.73,165554.0428,1906.2094999999997,1868.9153999999992,1904.5830085884102,-17.652510295155253,
1.689984E12,1891.73,1897.35,1883.79,1888.16,60937.5657,1904.571,1868.6587999999995,1903.3402370647061,-12.853008588410148,
