date,open,high,low,close,volume,
1.6269984E12,2024.27,2130.9,1993.22,2124.25,708160.91322,
1.6270848E12,2124.26,2199.5,2105.58,2184.75,633075.18592,
1.6271712E12,2184.9,2197.41,2105.93,2189.79,535630.27,
1.6272576E12,2189.82,2433.65,2171.57,2228.08,1393738.163,
1.627344E12,2227.81,2319.26,2150.5,2299.49,906359.23478,
1.6274304E12,2299.47,2345.0,2243.15,2300.9,718202.57727,
1.6275168E12,2300.9,2400.0,2266.12,2382.92,499364.83496,
1.6276032E12,2382.93,2471.7,2315.92,2461.81,762577.28797,
1.6276896E12,2461.77,2553.86,2420.68,2531.05,507601.05026,
1.627776E12,2531.1,2697.61,2511.24,2555.69,853495.94078,
1.6278624E12,2555.5,2666.0,2507.0,2606.93,726701.84952,
1.6279488E12,2606.92,2632.44,2442.32,2509.04,792960.84375,
1.6280352E12,2508.51,2772.71,2457.68,2724.78,954590.7536,
1.6281216E12,2724.55,2843.98,2529.91,2826.99,1307720.20654,
1.628208E12,2827.01,2946.75,2720.06,2891.58,825399.48637,
1.6282944E12,2891.54,3171.0,2865.5,3160.31,1205277.10095,
1.6283808E12,3160.48,3189.99,2949.03,3011.85,966349.70579,
1.6284672E12,3011.84,3186.0,2893.23,3160.52,1129584.61614,
1.6285536E12,3160.51,3233.0,3051.22,3141.66,880675.74443,
1.62864E12,3141.14,3274.0,3120.27,3160.5,732546.60433,
1.6287264E12,3160.4,3239.0,2979.29,3045.96,737628.45808,
1.6288128E12,3046.11,3327.83,3033.8,3322.32,579333.40323,
1.6288992E12,3322.33,3330.98,3200.0,3263.16,486102.53787,
1.6289856E12,3263.16,3320.0,3111.13,3307.09,565579.67765,
1.629072E12,3307.35,3335.0,3135.22,3146.53,635667.05422,
1.6291584E12,3147.18,3290.0,2991.89,3011.72,804996.06971,
1.6292448E12,3011.73,3125.81,2950.0,3014.55,625103.25568,
1.6293312E12,3014.18,3188.0,2958.33,3184.12,634769.92174,
1.6294176E12,3184.11,3300.0,3177.16,3284.82,558127.4554,
1.629504E12,3284.81,3309.16,3207.0,3223.43,421156.09084,
1.6295904E12,3223.36,3272.0,3126.42,3238.0,406479.07654,
1.6296768E12,3238.0,3377.89,3230.02,3321.28,602103.44614,
1.6297632E12,3321.28,3357.85,3147.31,3170.62,540480.07853,
1.6298496E12,3170.63,3248.0,3080.0,3226.87,483697.69444,
1.629936E12,3226.88,3250.0,3053.3,3093.2,442298.47372,
1.6300224E12,3093.06,3280.0,3060.18,3273.45,451027.80711,
1.6301088E12,3273.89,3287.0,3210.31,3244.48,262360.34921,
1.6301952E12,3244.75,3285.0,3152.34,3223.47,335806.7827,
1.6302816E12,3223.47,3347.95,3143.0,3229.64,625347.27541,
1.630368E12,3229.14,3476.0,3188.77,3429.2,863071.13092,
1.6304544E12,3429.19,3842.0,3382.22,3826.82,845759.95868,
1.6305408E12,3826.82,3836.8,3717.04,3785.82,525165.7996,
1.6306272E12,3785.82,4027.88,3705.05,3938.11,655903.75739,
1.6307136E12,3938.11,3970.0,3832.5,3885.52,364478.1193,
1.6308E12,3885.61,3980.0,3830.0,3950.29,365759.8597,
1.6308864E12,3950.28,3970.0,3864.3,3926.77,397768.5783,
1.6309728E12,3926.67,3947.15,3005.0,3434.57,1203536.00209,
1.6310592E12,3434.84,3560.0,3215.16,3499.0,780611.7657,
1.6311456E12,3499.01,3567.06,3390.4,3424.93,628553.8831,
1.631232E12,3424.94,3514.11,3150.0,3208.86,633026.2659,
1.6313184E12,3208.85,3348.37,3200.0,3267.21,413524.1761,
1.6314048E12,3267.1,3474.16,3231.1,3404.21,408858.9595,
1.6314912E12,3404.3,3430.3,3108.49,3285.35,647855.7199,
1.6315776E12,3285.09,3437.05,3269.95,3434.37,373634.9026,
1.631664E12,3434.37,3616.16,3357.78,3613.55,428507.5278,
1.6317504E12,3613.55,3676.28,3481.14,3567.98,467985.4919,
1.6318368E12,3567.97,3594.17,3350.07,3399.81,398888.3705,
1.6319232E12,3399.89,3541.96,3368.88,3435.64,315162.7627,
1.6320096E12,3435.64,3456.53,3277.74,3328.62,312948.0013,
1.632096E12,3328.57,3347.82,2913.39,2977.28,917939.57849,
1.6321824E12,2977.32,3105.83,2652.0,2765.9,971519.88941,
1.6322688E12,2766.72,3088.88,2737.54,3076.92,677457.64825,
1.6323552E12,3076.92,3174.5,3033.85,3152.5,459293.8858,
1.6324416E12,3152.41,3158.52,2733.0,2928.53,932090.8856,
1.632528E12,2928.22,2967.52,2801.57,2921.73,491974.0226,
1.6326144E12,2921.84,3115.51,2738.17,3059.37,703594.478,
1.6327008E12,3059.36,3164.94,2922.71,2925.59,510130.7319,
1.6327872E12,2924.76,2970.82,2789.0,2804.91,511325.4643,
1.6328736E12,2805.15,2950.0,2782.0,2850.45,411305.0893,
1.63296E12,2850.45,3048.42,2837.19,3000.61,506896.7612,
1.6330464E12,3000.62,3330.0,2969.07,3309.91,648714.6151,
1.6331328E12,3309.91,3469.0,3257.0,3387.76,422551.1811,
1.6332192E12,3387.77,3488.0,3342.51,3417.73,360586.8905,
1.6333056E12,3417.73,3437.19,3270.0,3386.31,485204.642,
1.633392E12,3386.31,3545.0,3363.78,3515.27,393900.8818,
1.6334784E12,3515.48,3632.11,3342.0,3574.89,618265.5402,
1.6335648E12,3574.88,3653.98,3470.8,3587.47,486102.3591,
1.6336512E12,3587.47,3695.0,3532.0,3563.13,403597.1437,
1.6337376E12,3563.13,3635.0,3538.07,3574.82,361906.7514,
1.633824E12,3574.83,3604.0,3405.0,3414.22,580223.6302,
1.6339104E12,3414.22,3623.8,3371.0,3542.12,493521.882,
1.6339968E12,3542.12,3547.11,3403.21,3491.46,409377.1918,
1.6340832E12,3491.43,3613.0,3412.7,3607.42,393463.1222,
1.6341696E12,3607.41,3824.0,3586.04,3790.82,481894.1473,
1.634256E12,3790.82,3907.77,3734.1,3868.99,504321.732,
1.6343424E12,3868.38,3971.0,3803.56,3829.96,373727.8549,
1.6344288E12,3829.96,3919.19,3640.0,3846.85,368898.9831,
1.6345152E12,3847.0,3893.14,3676.0,3744.96,401819.9734,
1.6346016E12,3744.96,3886.89,3732.0,3877.03,341268.3723,
1.634688E12,3876.98,4169.0,3828.05,4161.15,537383.09732,
1.6347744E12,4161.37,4375.0,4013.13,4052.99,798566.55805,
1.6348608E12,4053.0,4167.41,3888.0,3972.2,463222.5428,
1.6349472E12,3972.19,4172.0,3937.51,4167.12,326576.9601,
1.6350336E12,4167.13,4186.57,3961.5,4082.33,350115.8386,
1.63512E12,4082.33,4236.0,4067.71,4220.37,347438.6534,
1.6352064E12,4220.36,4297.0,4090.21,4131.52,414498.1599,
1.6352928E12,4131.52,4307.0,3909.0,3922.0,704604.25,
1.6353792E12,3921.99,4295.0,3890.17,4286.02,626378.5055,
1.6354656E12,4286.01,4460.47,4265.97,4418.89,559231.07691,
1.635552E12,4418.89,4434.06,4232.2,4322.68,340223.069,
1.6356384E12,4322.68,4399.14,4164.35,4287.21,412856.2893,
1.6357248E12,4287.48,4386.58,4146.3,4319.43,417620.7073,
1.6358112E12,4319.43,4599.6,4284.43,4589.89,468184.79301,
1.6358976E12,4589.68,4665.87,4455.0,4603.35,448658.35125,
1.635984E12,4603.35,4606.65,4420.08,4532.32,368218.25695,
1.6360704E12,4532.31,4570.05,4438.8,4474.24,305651.7244,
1.6361568E12,4474.24,4530.0,4326.17,4518.0,322154.0973,
1.6362432E12,4518.0,4637.98,4502.37,4612.59,243596.5952,
1.6363296E12,4612.59,4822.97,4612.0,4807.98,391102.31806,
1.636416E12,4807.98,4838.28,4713.89,4732.33,311267.57998,
1.6365024E12,4732.33,4868.0,4461.93,4628.78,553596.99163,
1.6365888E12,4628.68,4779.0,4576.47,4719.0,303688.9765,
1.6366752E12,4719.0,4809.71,4507.85,4665.46,461580.0415,
1.6367616E12,4665.47,4707.6,4584.08,4644.28,220720.6611,
1.636848E12,4644.27,4696.05,4514.12,4626.5,245309.0674,
1.6369344E12,4626.5,4772.01,4540.0,4563.78,375421.6601,
1.6370208E12,4563.77,4563.77,4103.0,4209.76,735857.063,
1.6371072E12,4209.59,4299.91,4063.48,4287.8,472852.1842,
1.6371936E12,4288.07,4344.81,3956.44,3996.9,576945.1837,
1.63728E12,3996.9,4308.97,3973.01,4294.76,420045.0897,
1.6373664E12,4294.75,4435.88,4199.86,4412.17,365584.578,
1.6374528E12,4412.17,4451.0,4242.41,4258.31,340206.3203,
1.6375392E12,4259.7,4320.0,4022.74,4085.97,518501.3338,
1.6376256E12,4086.28,4385.59,4059.62,4339.44,502811.7902,
1.637712E12,4339.45,4373.94,4167.65,4269.36,448727.0306,
1.6377984E12,4270.1,4550.0,4248.27,4524.85,445868.2434,
1.6378848E12,4524.48,4551.0,3913.0,4041.2,720245.1612,
1.6379712E12,4041.2,4183.66,4028.34,4095.29,275326.5202,
1.6380576E12,4095.29,4298.51,3964.0,4294.78,346471.3551,
1.638144E12,4294.77,4458.92,4276.89,4444.53,406881.2284,
1.6382304E12,4444.54,4753.0,4346.36,4630.26,743024.4662,
1.6383168E12,4630.25,4778.75,4523.99,4582.95,508198.3105,
1.6384032E12,4582.95,4634.83,4433.0,4511.21,451861.9545,
1.6384896E12,4511.35,4654.88,4032.5,4215.73,677974.8659,
1.638576E12,4215.01,4238.59,3503.68,4117.25,1111773.1451,
1.6386624E12,4117.25,4248.19,4031.39,4196.44,536325.4413,
1.6387488E12,4196.44,4376.15,3921.0,4347.59,726742.9638,
1.6388352E12,4347.57,4425.0,4255.92,4306.4,420749.751,
1.6389216E12,4306.4,4450.49,4222.95,4436.91,429403.9351,
1.639008E12,4436.91,4488.0,4076.16,4105.64,462173.711,
1.6390944E12,4105.64,4231.08,3887.37,3897.94,563236.5671,
1.6391808E12,3898.31,4097.08,3828.22,4089.37,427853.4343,
1.6392672E12,4089.68,4173.63,3986.25,4130.0,260535.5157,
1.6393536E12,4130.0,4142.75,3671.45,3781.93,533467.2307,
1.63944E12,3781.92,3882.74,3685.0,3858.99,395145.7462,
1.6395264E12,3858.99,4092.22,3643.73,4019.08,542068.0573,
1.6396128E12,4019.54,4113.43,3942.11,3958.11,368780.031,
1.6396992E12,3959.11,3994.1,3700.0,3875.42,463370.9225,
1.6397856E12,3875.43,3996.93,3767.01,3959.93,339593.2543,
1.639872E12,3959.93,4032.43,3884.0,3924.14,306006.323,
1.6399584E12,3924.14,3983.37,3753.0,3944.73,366916.4771,
1.6400448E12,3944.72,4063.0,3913.21,4014.15,340826.3553,
1.6401312E12,4014.41,4074.87,3933.4,3979.51,303191.8076,
1.6402176E12,3979.51,4150.0,3893.23,4111.41,380207.8166,
1.640304E12,4111.41,4134.84,4017.17,4046.36,230833.1661,
1.6403904E12,4046.35,4137.91,4018.62,4094.83,208126.8805,
1.6404768E12,4094.36,4105.0,4000.0,4063.56,189309.255,
1.6405632E12,4063.57,4127.46,4031.0,4037.23,222225.3761,
1.6406496E12,4037.22,4037.23,3759.36,3792.75,358064.7163,
1.640736E12,3792.75,3827.78,3604.2,3630.19,302753.6375,
1.6408224E12,3630.18,3769.1,3585.0,3709.27,249263.7305,
1.6409088E12,3709.27,3815.0,3622.29,3676.23,268014.2942,
1.6409952E12,3676.22,3776.45,3673.46,3765.54,154143.8968,
1.6410816E12,3765.54,3857.44,3717.3,3828.27,154791.4263,
1.641168E12,3828.11,3853.09,3680.0,3765.89,236245.8586,
1.6412544E12,3765.89,3900.73,3713.11,3785.11,288258.5549,
1.6413408E12,3785.1,3848.0,3415.0,3540.63,397942.0363,
1.6414272E12,3539.82,3550.43,3300.0,3406.81,496745.7413,
1.6415136E12,3406.81,3416.76,3064.42,3199.24,669631.7262,
1.6416E12,3198.68,3250.0,3000.0,3080.95,400692.1061,
1.6416864E12,3080.98,3211.72,3057.35,3151.97,275874.1643,
1.6417728E12,3151.97,3185.0,2928.83,3082.68,529818.3866,
1.6418592E12,3082.87,3263.54,3051.8,3239.72,362446.7087,
1.6419456E12,3239.73,3411.43,3206.2,3371.26,370465.8015,
1.642032E12,3371.6,3410.0,3233.43,3240.61,336234.8799,
1.6421184E12,3240.61,3342.79,3188.0,3307.42,285326.3505,
1.6422048E12,3307.42,3371.64,3261.0,3326.04,203100.3778,
1.6422912E12,3326.51,3393.6,3269.62,3346.88,210782.2277,
1.6423776E12,3346.89,3357.57,3141.1,3209.67,284063.6548,
1.642464E12,3209.68,3243.87,3082.0,3159.85,299134.2728,
1.6425504E12,3159.85,3174.87,3000.0,3084.02,332996.5703,
1.6426368E12,3084.02,3273.37,2987.15,3001.48,357596.7062,
1.6427232E12,3001.48,3034.12,2403.0,2568.15,1022021.70024,
1.6428096E12,2567.47,2626.0,2300.0,2412.18,1081357.54893,
1.642896E12,2412.18,2556.78,2370.8,2539.01,580497.7613,
1.6429824E12,2539.0,2539.75,2159.0,2439.29,1123134.70389,
1.6430688E12,2439.56,2506.55,2348.96,2458.83,510152.954,
1.6431552E12,2459.04,2722.0,2402.03,2462.99,806441.62289,
1.6432416E12,2463.0,2521.0,2316.43,2424.25,599481.7159,
1.643328E12,2424.02,2558.98,2357.88,2544.99,485149.8065,
1.6434144E12,2544.99,2636.66,2520.01,2601.43,376666.8246,
1.6435008E12,2601.43,2640.0,2542.5,2601.68,290770.0859,
1.6435872E12,2601.67,2706.77,2476.07,2686.94,444584.851,
1.6436736E12,2686.94,2813.0,2673.52,2787.23,390034.27362,
1.64376E12,2787.48,2810.88,2612.72,2680.67,447852.1228,
1.6438464E12,2680.25,2726.64,2576.05,2695.46,405043.3931,
1.6439328E12,2695.21,2995.0,2671.4,2994.99,664002.9328,
1.6440192E12,2994.99,3060.47,2958.01,3012.65,356803.3071,
1.6441056E12,3012.64,3074.56,2950.21,3054.99,249394.5966,
1.644192E12,3055.0,3186.0,2991.8,3139.77,455070.2529,
1.6442784E12,3139.77,3232.87,3025.21,3116.69,514773.5837,
1.6443648E12,3116.69,3269.7,3055.0,3243.94,370267.8913,
1.6444512E12,3243.6,3283.66,3056.74,3072.49,578212.8383,
1.6445376E12,3072.36,3138.62,2879.0,2927.54,462025.8751,
1.644624E12,2927.54,2985.98,2858.3,2918.88,336250.3131,
1.6447104E12,2918.58,2954.4,2836.7,2871.13,242751.3547,
1.6447968E12,2871.14,2964.97,2829.01,2929.75,381778.238,
1.6448832E12,2929.75,3196.19,2912.06,3183.52,448971.754,
1.6449696E12,3183.53,3186.77,3044.03,3122.3,319997.6244,
1.645056E12,3122.31,3160.0,2851.55,2891.87,488693.2624,
1.6451424E12,2891.88,2943.97,2750.0,2779.48,502977.4069,
1.6452288E12,2779.3,2830.96,2694.45,2763.63,293838.0025,
1.6453152E12,2763.63,2764.64,2576.0,2621.99,386384.904,
1.6454016E12,2621.99,2759.51,2558.0,2568.02,761838.9858,
1.645488E12,2568.03,2665.74,2500.0,2636.29,692639.4942,
1.6455744E12,2636.28,2753.55,2575.83,2579.71,504470.1412,
1.6456608E12,2579.7,2740.0,2300.0,2596.2,1395732.7753,
1.6457472E12,2596.26,2834.97,2571.72,2768.49,679394.1762,
1.6458336E12,2768.05,2878.0,2727.5,2779.47,418485.2529,
1.64592E12,2779.47,2836.33,2557.98,2616.79,650198.7785,
1.6460064E12,2616.79,2951.6,2568.62,2920.95,733794.4488,
1.6460928E12,2920.83,3037.94,2854.09,2976.33,673901.6976,
1.6461792E12,2976.33,3043.91,2914.21,2947.3,614623.7461,
1.6462656E12,2947.31,2970.97,2785.0,2833.99,446192.2353,
1.646352E12,2834.0,2836.17,2573.0,2622.1,556178.7588,
1.6464384E12,2622.11,2685.12,2589.38,2665.15,268730.3036,
1.6465248E12,2665.16,2676.29,2535.0,2551.29,336487.9099,
1.6466112E12,2551.3,2649.0,2445.0,2491.12,620171.6787,
1.6466976E12,2491.12,2624.0,2480.15,2575.97,561659.7421,
1.646784E12,2575.98,2775.85,2567.7,2726.98,562771.7403,
1.6468704E12,2726.98,2733.25,2550.27,2606.7,559029.9377,
1.6469568E12,2606.69,2676.78,2522.57,2556.86,494583.6568,
1.6470432E12,2556.86,2616.79,2553.39,2568.8,219236.5711,
1.6471296E12,2568.8,2603.32,2493.0,2515.65,316942.1601,
1.647216E12,2515.66,2609.6,2498.67,2589.41,386630.1912,
1.6473024E12,2589.42,2669.0,2507.0,2617.73,461202.3014,
1.6473888E12,2617.74,2788.0,2603.38,2773.81,666224.7217,
1.6474752E12,2773.8,2836.0,2746.42,2811.92,379312.541,
1.6475616E12,2811.91,2984.0,2765.59,2938.92,556535.7966,
1.647648E12,2938.84,2987.7,2890.86,2950.84,325971.5398,
1.6477344E12,2950.85,2964.17,2817.21,2861.38,377608.8214,
1.6478208E12,2861.39,2960.57,2829.81,2890.03,450223.9073,
1.6479072E12,2890.03,3052.85,2886.43,2969.64,564868.9839,
1.6479936E12,2969.64,3045.2,2920.65,3036.0,453962.7298,
1.64808E12,3035.99,3129.11,2999.11,3110.76,577171.5239,
1.6481664E12,3110.75,3193.28,3076.0,3102.14,489099.5572,
1.6482528E12,3102.13,3153.2,3084.9,3145.0,207134.847,
1.6483392E12,3145.01,3299.37,3126.02,3295.65,335467.4145,
1.6484256E12,3295.65,3431.15,3275.01,3332.92,527237.1133,
1.648512E12,3332.91,3481.87,3329.68,3400.51,465899.8226,
1.6485984E12,3400.51,3446.9,3331.84,3385.79,356082.5231,
1.6486848E12,3385.8,3444.83,3261.35,3281.51,455091.2395,
1.6487712E12,3281.51,3481.29,3210.68,3455.21,532169.2392,
1.6488576E12,3455.2,3532.2,3433.14,3443.77,499893.29,
1.648944E12,3443.77,3580.34,3412.11,3521.91,381581.7683,
1.6490304E12,3521.9,3547.0,3405.97,3519.5,449984.1586,
1.6491168E12,3519.5,3555.0,3400.0,3406.99,397782.7437,
1.6492032E12,3407.0,3407.5,3162.39,3168.51,736273.1047,
1.6492896E12,3168.52,3268.98,3143.15,3227.19,458179.3272,
1.649376E12,3227.2,3314.02,3173.52,3192.39,502422.5048,
1.6494624E12,3192.39,3268.4,3181.28,3258.57,212444.2566,
1.6495488E12,3258.57,3307.22,3193.0,3203.04,232303.2326,
1.6496352E12,3203.04,3213.63,2950.0,2979.74,693394.2912,
1.6497216E12,2979.75,3085.0,2950.0,3027.66,579522.9505,
1.649808E12,3027.65,3128.97,2996.86,3118.28,419101.494,
1.6498944E12,3118.28,3145.0,2976.3,3021.98,408382.5572,
1.6499808E12,3021.98,3060.92,2993.13,3040.56,249626.2981,
1.6500672E12,3040.57,3086.1,3010.03,3059.3,176352.4165,
1.6501536E12,3059.3,3083.0,2981.7,2988.06,243772.074,
1.65024E12,2988.07,3069.6,2883.22,3055.56,510251.6536,
1.6503264E12,3055.56,3131.0,3030.34,3101.77,359375.0038,
1.6504128E12,3101.74,3166.5,3036.45,3076.04,415000.0685,
1.6504992E12,3076.03,3180.0,2942.31,2983.58,562699.697,
1.6505856E12,2983.57,3034.32,2930.35,2962.39,452433.082,
1.650672E12,2962.39,2978.03,2913.89,2933.03,187576.7324,
1.6507584E12,2933.04,2967.06,2912.09,2921.0,218957.0222,
1.6508448E12,2920.99,3025.65,2797.01,3006.62,619198.3616,
1.6509312E12,3006.63,3039.54,2767.0,2809.67,531184.3504,
1.6510176E12,2809.68,2919.87,2794.46,2888.96,488951.2416,
1.651104E12,2888.95,2980.0,2853.83,2936.93,537392.9978,
1.6511904E12,2936.92,2946.46,2776.63,2817.13,525978.147,
1.6512768E12,2817.13,2841.63,2709.26,2726.66,367757.2469,
1.6513632E12,2726.67,2849.9,2716.13,2824.81,442544.8792,
1.6514496E12,2824.81,2894.22,2778.78,2856.54,521706.8567,
1.651536E12,2856.54,2861.47,2755.19,2781.7,371331.1796,
1.6516224E12,2781.7,2965.85,2771.74,2940.64,548738.0668,
1.6517088E12,2940.65,2954.65,2683.0,2747.97,734845.3194,
1.6517952E12,2747.96,2758.18,2632.95,2692.85,711449.3234,
1.6518816E12,2692.86,2704.36,2584.75,2635.34,371271.4532,
1.651968E12,2635.35,2642.0,2484.0,2519.71,757615.3415,
1.6520544E12,2519.71,2530.78,2225.0,2228.55,1574924.9793,
1.6521408E12,2229.0,2457.34,2200.0,2342.05,1550626.1387,
1.6522272E12,2342.04,2451.37,2005.0,2084.99,2022864.83806,
1.6523136E12,2084.99,2195.0,1800.0,1960.22,2305192.90836,
1.6524E12,1960.22,2147.54,1940.23,2009.69,1134042.3387,
1.6524864E12,2009.69,2070.06,1951.21,2056.48,563788.3078,
1.6525728E12,2056.47,2167.0,2000.68,2145.29,514398.2587,
1.6526592E12,2145.29,2145.29,1979.12,2023.66,822070.8531,
1.6527456E12,2023.66,2122.42,2008.0,2090.72,568249.0448,
1.652832E12,2090.72,2110.72,1908.0,1915.11,631577.2341,
1.6529184E12,1915.11,2040.39,1903.18,2019.55,741476.9794,
1.6530048E12,2019.55,2064.0,1923.0,1959.08,576981.5371,
1.6530912E12,1959.08,1990.86,1937.36,1975.07,238869.7632,
1.6531776E12,1975.06,2056.41,1966.33,2043.19,355735.1927,
1.653264E12,2043.19,2088.5,1957.12,1973.32,636085.0224,
1.6533504E12,1973.33,1993.83,1913.02,1979.41,534096.972,
1.6534368E12,1979.4,2022.34,1934.61,1942.63,524786.3091,
1.6535232E12,1942.64,1966.01,1735.0,1792.23,1168740.57514,
1.6536096E12,1792.24,1822.26,1703.0,1727.27,1296693.28537,
1.653696E12,1727.26,1808.98,1722.26,1792.22,558271.1818,
1.6537824E12,1792.21,1827.4,1759.96,1813.64,432430.611,
1.6538688E12,1813.64,2013.0,1803.18,1998.78,814922.8359,
1.6539552E12,1998.78,2016.45,1925.0,1941.9,751103.4226,
1.6540416E12,1941.9,1972.58,1763.75,1817.95,1037841.2706,
1.654128E12,1817.96,1853.05,1782.42,1834.08,788784.4017,
1.6542144E12,1834.09,1843.91,1737.0,1775.12,741282.5346,
1.6543008E12,1775.13,1816.0,1748.43,1804.58,388279.4579,
1.6543872E12,1804.58,1830.17,1773.05,1806.23,371974.5061,
1.6544736E12,1806.22,1920.0,1804.35,1859.84,804250.3567,
1.65456E12,1859.84,1874.98,1725.13,1813.33,1397598.2288,
1.6546464E12,1813.33,1838.77,1765.28,1791.88,941510.1373,
1.6547328E12,1791.88,1833.0,1777.33,1788.81,535310.9618,
1.6548192E12,1788.8,1804.32,1655.93,1662.91,955035.79239,
1.6549056E12,1662.91,1682.21,1496.74,1532.89,1220325.2542,
1.654992E12,1532.89,1547.0,1423.0,1434.84,1563225.37018,
1.6550784E12,1434.84,1455.0,1165.45,1209.82,3626351.66536,
1.6551648E12,1209.35,1268.45,1075.8,1208.9,2716493.80131,
1.6552512E12,1208.9,1250.0,1014.4,1237.52,3114823.13621,
1.6553376E12,1237.53,1257.85,1051.55,1068.5,1447386.8304,
1.655424E12,1068.5,1118.0,1051.11,1086.94,1220677.9491,
1.6555104E12,1086.93,1097.58,881.56,995.13,2308983.5187,
1.6555968E12,995.12,1158.62,936.15,1128.53,2018599.4499,
1.6556832E12,1128.53,1170.0,1053.0,1128.24,1721772.9132,
1.6557696E12,1128.24,1194.0,1109.23,1125.85,1306095.3757,
1.655856E12,1125.86,1127.33,1043.65,1050.19,1306959.8593,
1.6559424E12,1050.19,1155.0,1045.3,1144.72,1278257.0899,
1.6560288E12,1144.71,1245.43,1132.0,1225.02,1337137.483,
1.6561152E12,1225.02,1256.77,1180.0,1242.36,861986.6177,
1.6562016E12,1242.31,1280.0,1194.6,1197.79,884184.273,
1.656288E12,1197.79,1238.93,1172.49,1192.51,868734.2061,
1.6563744E12,1192.51,1237.99,1136.32,1144.05,1104065.2211,
1.6564608E12,1144.05,1156.8,1087.42,1100.21,1295517.796,
1.6565472E12,1100.21,1106.62,998.0,1071.01,1420670.3656,
1.6566336E12,1071.02,1117.0,1033.44,1059.73,1562255.1439,
1.65672E12,1059.73,1078.88,1028.29,1067.01,714812.0804,
1.6568064E12,1067.01,1088.34,1040.78,1074.26,644746.3337,
1.6568928E12,1074.26,1160.9,1045.37,1151.0,1150108.9861,
1.6569792E12,1151.01,1174.9,1076.34,1132.5,1398961.4495,
1.6570656E12,1132.51,1205.0,1111.44,1186.57,1211768.0757,
1.657152E12,1186.57,1254.29,1163.18,1237.49,1001316.079,
1.6572384E12,1237.49,1276.46,1193.15,1214.04,1189518.3631,
1.6573248E12,1214.03,1235.4,1204.67,1217.02,576337.1809,
1.6574112E12,1217.02,1219.95,1153.0,1168.36,1018038.6506,
1.6574976E12,1168.37,1171.29,1091.71,1096.4,1201652.3048,
1.657584E12,1096.37,1098.26,1033.46,1038.58,1261349.6321,
1.6576704E12,1038.58,1119.18,1006.32,1115.0,2035605.8299,
1.6577568E12,1115.01,1214.65,1072.11,1193.42,1605101.9262,
1.6578432E12,1193.42,1287.82,1181.05,1231.25,1466037.2584,
1.6579296E12,1231.25,1422.91,1191.23,1355.85,1493809.9226,
1.658016E12,1355.84,1387.0,1319.04,1338.65,1246202.8795,
1.6581024E12,1338.65,1597.47,1336.07,1581.04,2029918.76521,
1.6581888E12,1581.03,1631.0,1493.11,1542.32,1846048.6816,
1.6582752E12,1542.33,1620.4,1484.23,1521.58,1351177.4247,
1.6583616E12,1521.63,1605.98,1463.56,1575.45,1247327.4963,
1.658448E12,1575.45,1650.05,1516.11,1535.27,1170723.0873,
1.6585344E12,1535.27,1596.51,1488.0,1548.67,851284.7339,
1.6586208E12,1548.66,1664.34,1545.67,1597.7,1009935.8997,
1.6587072E12,1597.7,1609.55,1435.58,1440.79,1418390.9809,
1.6587936E12,1440.79,1454.11,1356.17,1449.12,1199643.7408,
1.65888E12,1449.12,1644.44,1420.83,1635.74,1513426.0413,
1.6589664E12,1635.74,1784.79,1593.27,1724.52,1578145.07555,
1.6590528E12,1724.52,1765.99,1655.02,1721.68,1205266.5703,
1.6591392E12,1721.68,1744.85,1673.01,1697.0,735132.5286,
1.6592256E12,1697.0,1754.69,1666.0,1678.12,696326.8079,
1.659312E12,1678.12,1704.68,1606.12,1630.28,801566.5648,
1.6593984E12,1630.28,1678.0,1559.28,1630.91,1081964.5104,
1.6594848E12,1630.91,1685.03,1589.71,1618.16,777724.7413,
1.6595712E12,1618.16,1662.79,1580.39,1607.96,735552.181,
1.6596576E12,1607.97,1742.07,1605.64,1736.81,1005846.4712,
1.659744E12,1736.81,1749.93,1685.26,1690.6,523314.6444,
1.6598304E12,1690.6,1729.79,1668.0,1700.19,439904.764,
1.6599168E12,1700.2,1818.0,1693.87,1777.05,781620.5443,
1.6600032E12,1777.05,1790.83,1667.93,1702.76,818171.1019,
1.6600896E12,1702.76,1885.0,1656.78,1853.57,1317767.5127,
1.660176E12,1853.58,1942.0,1850.32,1880.19,1105261.9009,
1.6602624E12,1880.19,1964.71,1853.06,1958.28,717628.1015,
1.6603488E12,1958.28,2020.0,1946.5,1983.55,695876.0293,
1.6604352E12,1983.55,2030.0,1906.0,1935.31,569583.4852,
1.6605216E12,1935.32,2012.47,1872.31,1899.06,949162.3305,
1.660608E12,1899.05,1915.0,1853.0,1876.67,622729.1499,
1.6606944E12,1876.67,1959.43,1818.74,1834.25,951824.8975,
1.6607808E12,1834.24,1882.37,1821.25,1846.39,606254.024,
1.6608672E12,1846.39,1848.0,1602.37,1609.01,1419826.9515,
1.6609536E12,1609.0,1657.08,1523.67,1576.04,914615.9226,
1.66104E12,1576.03,1646.52,1562.34,1618.13,780662.6062,
1.6611264E12,1618.13,1629.72,1529.92,1624.66,941192.8954,
1.6612128E12,1624.65,1676.07,1563.76,1665.41,940246.932,
1.6612992E12,1665.4,1694.13,1604.92,1656.56,744667.6078,
1.6613856E12,1656.56,1722.0,1653.68,1695.11,603090.713,
1.661472E12,1695.11,1706.45,1486.85,1508.18,1149912.8292,
1.6615584E12,1508.18,1518.42,1447.52,1491.06,756136.6768,
1.6616448E12,1491.06,1511.0,1424.0,1426.76,544846.4486,
1.6617312E12,1426.76,1559.99,1422.08,1551.8,826252.0831,
1.6618176E12,1551.79,1606.13,1473.61,1524.59,1003075.0172,
1.661904E12,1524.59,1619.78,1524.59,1554.1,949227.6775,
1.6619904E12,1554.11,1599.0,1512.77,1586.16,728710.482,
1.6620768E12,1586.17,1650.0,1546.41,1575.35,919009.6598,
1.6621632E12,1575.35,1582.71,1534.28,1557.46,321397.2189,
1.6622496E12,1557.45,1583.66,1540.66,1579.28,296591.1166,
1.662336E12,1579.29,1631.99,1556.56,1617.8,503492.937,
1.6624224E12,1617.8,1687.4,1555.0,1559.01,1010722.8578,
1.6625088E12,1559.01,1657.5,1490.66,1630.0,850991.4243,
1.6625952E12,1630.0,1663.56,1595.06,1635.37,645124.0085,
1.6626816E12,1635.37,1746.13,1630.51,1718.23,837458.2126,
1.662768E12,1718.24,1789.0,1706.03,1774.12,411046.2466,
1.6628544E12,1774.12,1789.0,1720.1,1766.11,409287.7263,
1.6629408E12,1766.12,1783.0,1693.0,1716.37,630774.6032,
1.6630272E12,1716.37,1760.51,1560.54,1574.4,1134549.7256,
1.6631136E12,1574.4,1647.01,1552.38,1638.39,764562.5393,
1.6632E12,1638.4,1655.2,1458.0,1472.75,1335499.8047,
1.6632864E12,1472.76,1483.35,1405.52,1433.9,693597.2425,
1.6633728E12,1433.9,1476.13,1409.12,1468.83,421391.3743,
1.6634592E12,1468.82,1469.63,1325.55,1334.51,804113.468,
1.6635456E12,1334.51,1393.35,1280.0,1375.98,974855.198,
1.663632E12,1375.98,1384.78,1312.71,1322.93,658027.1465,
1.6637184E12,1322.94,1408.9,1220.0,1245.78,1192266.7379,
1.6638048E12,1245.79,1350.08,1237.32,1326.46,904282.2725,
1.6638912E12,1326.47,1360.0,1262.15,1327.25,974052.3644,
1.6639776E12,1327.24,1349.33,1306.52,1317.13,517557.3497,
1.664064E12,1317.13,1337.0,1269.27,1294.63,515533.8409,
1.6641504E12,1294.62,1340.42,1277.85,1336.17,799166.4333,
1.6642368E12,1336.17,1400.0,1303.75,1328.02,860584.8944,
1.6643232E12,1328.01,1355.7,1253.2,1337.2,919314.9131,
1.6644096E12,1337.2,1352.02,1288.52,1335.7,770591.6895,
1.664496E12,1335.69,1373.19,1313.35,1328.72,740753.611,
1.6645824E12,1328.71,1333.69,1302.68,1311.79,252081.9056,
1.6646688E12,1311.79,1317.93,1270.0,1276.72,371740.0407,
1.6647552E12,1276.72,1329.9,1263.04,1323.09,483775.2435,
1.6648416E12,1323.1,1369.55,1318.66,1361.49,476207.6702,
1.664928E12,1361.5,1364.77,1316.29,1352.2,483508.7782,
1.6650144E12,1352.2,1383.99,1345.01,1352.06,573975.324,
1.6651008E12,1352.07,1361.75,1317.26,1331.1,491999.8776,
1.6651872E12,1331.1,1337.35,1303.51,1315.48,203391.6612,
1.6652736E12,1315.48,1329.0,1307.26,1323.13,186201.9185,
1.66536E12,1323.13,1338.0,1288.0,1290.03,393663.0114,
1.6654464E12,1290.03,1298.0,1267.01,1280.11,429430.3941,
1.6655328E12,1280.11,1306.87,1275.25,1294.44,369712.5759,
1.6656192E12,1294.44,1301.58,1190.0,1287.08,945618.3163,
1.6657056E12,1287.08,1343.12,1283.39,1296.27,669742.8093,
1.665792E12,1296.26,1301.69,1263.64,1274.92,287100.9529,
1.6658784E12,1274.93,1315.35,1274.67,1305.95,293321.3632,
1.6659648E12,1305.96,1338.57,1295.64,1331.4,459848.4941,
1.6660512E12,1331.39,1341.73,1286.72,1310.71,572728.9189,
1.6661376E12,1310.71,1313.5,1280.31,1285.09,368637.5105,
1.666224E12,1285.09,1310.87,1270.36,1282.57,428531.6103,
1.6663104E12,1282.57,1306.97,1252.65,1299.75,468076.7986,
1.6663968E12,1299.76,1320.2,1294.32,1313.61,221776.7007,
1.6664832E12,1313.62,1371.55,1299.44,1364.2,432269.46,
1.6665696E12,1364.19,1370.6,1324.17,1343.61,611830.797,
1.666656E12,1343.61,1525.16,1334.94,1459.74,1127932.9012,
1.6667424E12,1459.74,1594.99,1457.44,1566.1,1236044.7023,
1.6668288E12,1566.11,1578.58,1503.2,1514.05,869454.4851,
1.6669152E12,1514.04,1574.9,1479.82,1554.41,858954.4425,
1.6670016E12,1554.4,1663.06,1547.66,1619.55,914161.0846,
1.667088E12,1619.55,1640.06,1576.56,1590.44,476036.4243,
1.6671744E12,1590.45,1635.8,1545.43,1572.69,810334.2414,
1.6672608E12,1572.69,1612.92,1563.69,1578.48,527539.2965,
1.6673472E12,1578.47,1621.68,1502.32,1518.34,981395.3648,
1.6674336E12,1518.33,1559.01,1515.17,1531.01,560202.8813,
1.66752E12,1531.01,1680.0,1528.4,1644.78,935531.4781,
1.6676064E12,1644.78,1666.97,1621.42,1626.98,351385.5362,
1.6676928E12,1626.98,1639.02,1564.39,1568.29,414863.9525,
1.6677792E12,1568.25,1608.04,1545.03,1568.1,642409.4494,
1.6678656E12,1568.09,1579.98,1233.0,1334.77,2339916.5089,
1.667952E12,1334.78,1337.16,1073.53,1102.73,2494797.9357,
1.6680384E12,1102.73,1350.0,1085.93,1299.28,1975955.6767,
1.6681248E12,1299.28,1310.0,1201.26,1289.28,1308087.1498,
1.6682112E12,1289.35,1292.16,1238.7,1257.25,547772.9172,
1.6682976E12,1257.25,1274.23,1200.66,1221.49,547410.5304,
1.668384E12,1221.5,1291.2,1171.13,1243.28,934742.0059,
1.6684704E12,1243.29,1291.0,1234.01,1253.23,632825.568,
1.6685568E12,1253.22,1268.67,1187.06,1216.17,673339.7215,
1.6686432E12,1216.16,1228.22,1181.05,1200.43,530537.3488,
1.6687296E12,1200.42,1234.0,1199.18,1212.58,360218.5337,
1.668816E12,1212.58,1235.0,1197.67,1217.67,209789.5888,
1.6689024E12,1217.67,1227.07,1132.65,1142.21,531108.7607,
1.6689888E12,1142.21,1146.99,1079.76,1107.34,922647.9454,
1.6690752E12,1107.34,1146.13,1075.0,1139.6,748884.5791,
1.6691616E12,1139.59,1190.0,1127.75,1184.52,636927.1594,
1.669248E12,1184.52,1217.71,1180.6,1203.73,486080.6123,
1.6693344E12,1203.72,1207.77,1171.2,1199.3,391430.1658,
1.6694208E12,1199.29,1235.66,1196.2,1205.6,379840.8116,
1.6695072E12,1205.61,1223.33,1188.65,1193.88,286386.7986,
1.6695936E12,1193.88,1199.25,1151.02,1167.77,478795.6093,
1.66968E12,1167.77,1228.37,1158.27,1216.49,512143.5861,
1.6697664E12,1216.49,1309.77,1212.5,1294.46,815679.2717,
1.6698528E12,1294.46,1299.9,1262.77,1276.41,430018.7391,
1.6699392E12,1276.4,1297.18,1265.24,1295.59,371559.585,
1.6700256E12,1295.58,1309.0,1236.26,1240.51,347148.2588,
1.670112E12,1240.5,1287.19,1240.1,1279.41,324129.5466,
1.6701984E12,1279.4,1305.11,1246.61,1259.41,391628.5166,
1.6702848E12,1259.41,1274.76,1241.56,1271.32,301631.839,
1.6703712E12,1271.31,1278.69,1218.01,1231.18,398559.5166,
1.6704576E12,1231.18,1292.58,1222.01,1280.18,406653.5447,
1.670544E12,1280.18,1296.64,1250.0,1263.1,406008.0032,
1.6706304E12,1263.11,1283.61,1259.6,1266.35,182278.6396,
1.6707168E12,1266.35,1284.75,1255.85,1263.01,180494.902,
1.6708032E12,1263.0,1278.9,1240.03,1275.4,363750.5481,
1.6708896E12,1275.41,1349.0,1255.1,1320.69,659393.8825,
1.670976E12,1320.69,1352.72,1301.0,1307.44,554465.5717,
1.6710624E12,1307.45,1311.14,1259.27,1266.54,390051.2447,
1.6711488E12,1266.53,1280.06,1155.32,1166.83,751422.2779,
1.6712352E12,1166.82,1190.03,1161.92,1187.16,328881.6281,
1.6713216E12,1187.16,1199.54,1170.32,1183.06,252260.144,
1.671408E12,1183.06,1195.0,1150.51,1167.82,296832.7228,
1.6714944E12,1167.82,1230.47,1163.12,1216.94,465184.1943,
1.6715808E12,1216.95,1223.39,1203.02,1213.78,245723.8377,
1.6716672E12,1213.78,1237.99,1182.54,1217.71,336761.6598,
1.6717536E12,1217.72,1231.99,1210.0,1219.99,278604.2882,
1.67184E12,1219.98,1227.99,1214.69,1220.41,123701.5301,
1.6719264E12,1220.42,1225.0,1193.18,1218.51,231652.0612,
1.6720128E12,1218.52,1231.09,1211.67,1228.11,162723.0857,
1.6720992E12,1228.12,1233.73,1200.58,1211.55,262437.6398,
1.6721856E12,1211.55,1215.78,1181.06,1190.15,367828.8914,
1.672272E12,1190.15,1206.57,1186.77,1200.49,249130.4869,
1.6723584E12,1200.48,1202.15,1181.08,1199.99,266014.2115,
1.6724448E12,1199.98,1208.46,1191.66,1196.13,139379.2811,
1.6725312E12,1196.13,1204.67,1190.57,1200.34,117762.0685,
1.6726176E12,1200.33,1224.29,1193.0,1214.0,252794.14,
1.672704E12,1213.99,1219.89,1204.93,1214.55,205519.4944,
1.6727904E12,1214.56,1272.6,1212.71,1256.9,457799.6648,
1.6728768E12,1256.91,1259.95,1242.81,1251.24,272805.33,
1.6729632E12,1251.25,1276.7,1236.0,1269.14,342344.2023,
1.6730496E12,1269.13,1271.09,1261.3,1264.07,129474.2884,
1.673136E12,1264.06,1296.0,1257.77,1290.16,213636.7848,
1.6732224E12,1290.15,1344.91,1285.44,1320.39,581727.6968,
1.6733088E12,1320.4,1347.69,1316.8,1335.62,459660.2307,
1.6733952E12,1335.63,1398.0,1321.04,1389.39,472465.9556,
1.6734816E12,1389.4,1438.0,1361.92,1415.92,877712.4492,
1.673568E12,1415.91,1464.0,1401.03,1451.2,499377.8649,
1.6736544E12,1451.21,1599.98,1449.14,1549.9,940691.7774,
1.6737408E12,1549.91,1566.66,1516.03,1552.52,387832.7138,
1.6738272E12,1552.52,1604.5,1521.31,1576.94,574622.8953,
1.6739136E12,1576.94,1609.0,1541.15,1565.57,506771.7219,
1.674E12,1565.56,1610.0,1501.39,1511.43,752534.8857,
1.6740864E12,1511.44,1564.43,1509.15,1551.09,308679.4645,
1.6741728E12,1551.09,1669.9,1542.02,1658.52,440570.9974,
1.6742592E12,1658.53,1679.26,1616.21,1626.66,494248.6009,
1.6743456E12,1626.65,1663.89,1604.0,1627.44,431729.6909,
1.674432E12,1627.43,1648.09,1585.29,1626.29,407267.1156,
1.6745184E12,1626.28,1641.46,1535.0,1555.97,462275.3243,
1.6746048E12,1555.97,1641.0,1518.0,1611.94,646474.9166,
1.6746912E12,1611.95,1632.84,1577.43,1601.09,532777.8466,
1.6747776E12,1601.08,1621.0,1552.54,1597.62,512093.3875,
1.674864E12,1597.61,1606.83,1555.99,1572.1,313675.6574,
1.6749504E12,1572.1,1660.0,1566.33,1644.72,551767.9134,
1.6750368E12,1644.73,1647.53,1535.0,1566.2,595055.3281,
1.6751232E12,1566.21,1605.18,1561.63,1585.33,348856.6751,
1.6752096E12,1585.32,1647.77,1555.18,1641.68,474617.1709,
1.675296E12,1641.67,1714.68,1626.85,1643.12,629188.8874,
1.6753824E12,1643.12,1676.0,1625.93,1663.52,464815.032,
1.6754688E12,1663.52,1695.29,1645.43,1666.38,308227.1295,
1.6755552E12,1666.39,1673.81,1609.3,1629.02,413579.6748,
1.6756416E12,1629.01,1658.56,1605.01,1614.29,384119.4197,
1.675728E12,1614.28,1678.37,1613.14,1671.03,451922.4,
1.6758144E12,1671.03,1697.91,1630.47,1650.43,417966.2539,
1.6759008E12,1650.42,1656.17,1524.4,1545.35,658011.6964,
1.6759872E12,1545.35,1555.01,1490.0,1513.06,484654.2199,
1.6760736E12,1513.05,1543.0,1505.0,1538.51,289691.5708,
1.67616E12,1538.5,1548.02,1493.08,1514.83,286758.374,
1.6762464E12,1514.82,1526.1,1461.93,1505.24,643152.3904,
1.6763328E12,1505.25,1569.0,1482.66,1555.71,668964.3768,
1.6764192E12,1555.7,1680.0,1542.55,1674.92,581207.8586,
1.6765056E12,1674.92,1742.97,1633.72,1637.84,832723.6731,
1.676592E12,1637.83,1722.0,1630.51,1693.87,579934.663,
1.6766784E12,1693.81,1713.13,1679.77,1691.62,267305.7813,
1.6767648E12,1691.62,1726.59,1666.14,1679.75,401023.0477,
1.6768512E12,1679.74,1719.89,1650.56,1703.27,451314.8335,
1.6769376E12,1703.27,1716.66,1636.3,1659.76,520354.4688,
1.677024E12,1659.77,1666.95,1595.07,1643.14,528875.4809,
1.6771104E12,1643.15,1679.0,1628.75,1650.53,501305.9717,
1.6771968E12,1650.52,1664.66,1575.64,1607.8,512515.4982,
1.6772832E12,1607.8,1608.98,1557.33,1594.58,290188.0391,
1.6773696E12,1594.58,1651.26,1587.76,1641.36,308607.9941,
1.677456E12,1641.37,1665.22,1608.0,1633.45,431861.4129,
1.6775424E12,1633.45,1647.52,1596.66,1605.23,393523.1647,
1.6776288E12,1605.24,1669.72,1595.0,1665.22,474456.8235,
1.6777152E12,1665.23,1677.86,1619.18,1647.86,423023.8082,
1.6778016E12,1647.86,1649.25,1544.39,1569.45,742816.5976,
1.677888E12,1569.45,1577.53,1549.12,1566.73,237640.2606,
1.6779744E12,1566.74,1588.77,1553.05,1564.58,299240.7415,
1.6780608E12,1564.57,1583.49,1554.44,1565.84,307709.3011,
1.6781472E12,1565.84,1584.49,1536.14,1561.96,437947.9032,
1.6782336E12,1561.95,1570.89,1523.61,1532.38,460101.7658,
1.67832E12,1532.38,1546.45,1408.0,1437.32,718485.1364,
1.6784064E12,1437.32,1439.43,1368.39,1426.44,960262.4509,
1.6784928E12,1426.43,1478.07,1408.4,1471.97,1374859.6201,
1.6785792E12,1471.93,1594.19,1448.3,1580.33,1002355.0929,
1.6786656E12,1580.33,1693.49,1565.0,1673.45,1228063.6053,
1.678752E12,1673.44,1780.02,1655.24,1699.4,1283321.2355,
1.6788384E12,1699.41,1716.9,1611.0,1649.96,963142.4833,
1.6789248E12,1649.95,1691.42,1632.18,1673.73,627985.6119,
1.6790112E12,1673.73,1800.0,1662.65,1789.27,907528.2825,
1.6790976E12,1789.26,1841.0,1747.47,1758.84,711614.731,
1.679184E12,1758.84,1841.36,1757.92,1780.68,541131.8908,
1.6792704E12,1780.67,1803.05,1722.0,1732.78,682848.1248,
1.6793568E12,1732.77,1835.0,1717.01,1801.23,742348.4999,
1.6794432E12,1801.23,1819.98,1710.12,1734.33,891287.6009,
1.6795296E12,1734.34,1857.16,1729.35,1813.79,732061.103,
1.679616E12,1813.78,1818.99,1726.4,1749.57,564770.1417,
1.6797024E12,1749.57,1763.23,1713.09,1741.88,355679.3743,
1.6797888E12,1741.88,1801.0,1739.31,1773.88,354933.2372,
1.6798752E12,1773.88,1780.48,1686.13,1715.22,570563.5023,
1.6799616E12,1715.21,1795.73,1701.13,1772.99,536511.3973,
1.680048E12,1773.0,1827.99,1772.48,1793.07,536865.5972,
1.6801344E12,1793.06,1829.69,1763.0,1793.61,579690.0394,
1.6802208E12,1793.6,1847.28,1777.91,1821.52,554525.4762,
1.6803072E12,1821.52,1842.83,1807.81,1820.79,272904.9674,
1.6803936E12,1820.8,1824.81,1771.7,1794.51,322122.9385,
1.68048E12,1794.51,1839.99,1762.77,1810.51,628503.6619,
1.6805664E12,1810.51,1891.91,1802.01,1870.37,622208.6411,
1.6806528E12,1870.38,1942.98,1864.58,1908.69,548595.5155,
1.6807392E12,1908.68,1909.91,1853.7,1872.41,396241.4352,
1.6808256E12,1872.41,1882.61,1841.46,1863.72,284256.4873,
1.680912E12,1863.73,1879.38,1847.0,1848.82,197905.5407,
1.6809984E12,1848.82,1873.99,1824.01,1858.92,287131.3079,
1.6810848E12,1858.91,1918.79,1846.4,1910.2,434739.7984,
1.6811712E12,1910.21,1937.37,1881.11,1889.86,405203.4892,
1.6812576E12,1889.86,1933.0,1852.65,1917.39,630844.4186,
1.681344E12,1917.4,2023.0,1899.55,2012.01,676164.5188,
1.6814304E12,2012.0,2128.76,2009.22,2099.99,896307.3934,
1.6815168E12,2099.99,2111.85,2071.13,2090.6,321823.7851,
1.6816032E12,2090.61,2141.54,2072.72,2118.67,319880.4393,
1.6816896E12,2118.66,2120.51,2056.25,2074.0,426972.7071,
1.681776E12,2073.99,2125.0,2051.0,2103.5,414244.6135,
1.6818624E12,2103.51,2104.6,1923.03,1933.73,775389.0602,
1.6819488E12,1933.74,1982.99,1914.43,1942.98,625336.2495,
1.6820352E12,1942.98,1957.27,1825.0,1848.78,688876.6186,
1.6821216E12,1848.77,1887.31,1841.64,1874.16,331007.5879,
1.682208E12,1874.17,1882.01,1836.37,1862.0,344514.3444,
1.6822944E12,1862.01,1890.0,1806.0,1841.84,447864.0517,
1.6823808E12,1841.84,1877.86,1801.66,1866.1,457870.6047,
1.6824672E12,1866.1,1964.72,1785.0,1866.01,897709.7298,
1.6825536E12,1866.01,1940.96,1861.19,1908.68,727472.9466,
1.68264E12,1908.68,1923.88,1873.94,1890.94,387630.7791,
1.6827264E12,1890.93,1918.0,1883.05,1907.8,182046.1406,
1.6828128E12,1907.79,1939.0,1866.16,1870.09,355336.4888,
1.6828992E12,1870.08,1886.49,1806.12,1830.73,445519.1779,
1.6829856E12,1830.73,1881.87,1822.94,1870.08,373753.2027,
1.683072E12,1870.09,1916.52,1842.64,1905.12,465185.2501,
1.6831584E12,1905.12,1918.26,1866.71,1877.07,354528.6144,
1.6832448E12,1877.07,1998.36,1875.65,1993.3,546608.875,
1.6833312E12,1993.3,2019.0,1860.0,1896.33,608106.9915,
1.6834176E12,1896.33,1933.33,1867.59,1870.4,413268.8357,
1.683504E12,1870.41,1883.97,1810.73,1847.56,625316.6168,
1.6835904E12,1847.55,1861.88,1830.99,1846.52,304396.186,
1.6836768E12,1846.53,1887.47,1790.51,1840.84,639933.3855,
1.6837632E12,1840.83,1842.02,1772.68,1794.3,522096.0725,
1.6838496E12,1794.31,1818.63,1740.0,1807.45,565539.8309,
1.683936E12,1807.45,1817.03,1785.23,1795.11,212895.4373,
1.6840224E12,1795.12,1824.0,1789.82,1799.21,218101.0977,
1.6841088E12,1799.2,1846.7,1785.05,1816.2,388171.9261,
1.6841952E12,1816.21,1832.64,1796.2,1824.21,311238.6786,
1.6842816E12,1824.21,1837.5,1783.68,1822.12,352097.9913,
1.684368E12,1822.12,1831.92,1771.12,1800.56,293755.311,
1.6844544E12,1800.56,1829.54,1796.81,1812.32,243116.4676,
1.6845408E12,1812.31,1828.87,1807.06,1819.42,127754.4349,
1.6846272E12,1819.42,1828.98,1797.21,1804.91,161517.8053,
1.6847136E12,1804.91,1828.27,1792.01,1817.35,237498.9423,
1.6848E12,1817.36,1872.5,1815.24,1854.05,396869.6097,
1.6848864E12,1854.06,1854.09,1777.6,1799.89,420846.1445,
1.6849728E12,1799.89,1818.81,1761.41,1805.6,350633.0089,
1.6850592E12,1805.61,1838.2,1796.99,1827.79,275690.6854,
1.6851456E12,1827.8,1836.12,1812.18,1829.89,138824.9406,
1.685232E12,1829.89,1918.65,1823.6,1908.64,378392.4371,
1.6853184E12,1908.64,1927.62,1873.65,1892.6,313593.4942,
1.6854048E12,1892.6,1917.0,1881.19,1900.59,272665.8402,
1.6854912E12,1900.58,1907.13,1846.95,1873.63,319255.5681,
1.6855776E12,1873.63,1889.2,1840.0,1861.78,270496.6097,
1.685664E12,1861.78,1910.0,1847.51,1906.68,313004.0658,
1.6857504E12,1906.69,1907.92,1881.6,1892.06,148818.2427,
1.6858368E12,1892.05,1914.63,1884.22,1890.01,172683.0119,
1.6859232E12,1890.0,1890.63,1778.0,1810.5,555361.2683,
1.6860096E12,1810.49,1898.29,1797.18,1884.64,491407.2174,
1.686096E12,1884.65,1897.8,1821.18,1832.13,429196.7064,
1.6861824E12,1832.12,1861.28,1828.31,1845.64,189270.4853,
1.6862688E12,1845.65,1855.0,1827.0,1840.37,198324.3252,
1.6863552E12,1840.37,1844.99,1715.03,1751.53,652324.6695,
1.6864416E12,1751.52,1778.25,1738.72,1752.76,219956.2434,
1.686528E12,1752.77,1759.33,1720.0,1742.57,302132.4819,
1.6866144E12,1742.57,1770.13,1724.22,1740.12,284268.0018,
1.6867008E12,1740.12,1750.03,1630.43,1650.95,415847.327,
1.6867872E12,1650.95,1680.91,1626.01,1666.96,370774.7696,
1.6868736E12,1666.96,1729.5,1649.86,1717.92,311734.5904,
1.68696E12,1717.91,1770.0,1714.26,1727.76,210914.9216,
1.6870464E12,1727.75,1747.84,1712.0,1720.95,156535.0128,
1.6871328E12,1720.95,1752.19,1698.0,1737.11,245162.7589,
1.6872192E12,1737.1,1796.99,1714.72,1791.99,328855.6846,
1.6873056E12,1791.99,1901.0,1787.38,1889.11,613755.8869,
1.687392E12,1889.1,1933.17,1865.98,1872.01,416714.5719,
1.6874784E12,1872.0,1936.42,1861.01,1892.63,401147.9324,
1.6875648E12,1892.63,1906.0,1864.77,1874.96,226910.2941,
1.6876512E12,1874.95,1930.0,1868.83,1898.8,338757.6158,
1.6877376E12,1898.8,1909.1,1837.18,1858.97,458743.861,
1.687824E12,1858.97,1912.53,1855.19,1889.58,366634.5707,
1.6879104E12,1889.58,1890.19,1816.56,1828.02,337836.5792,
1.6879968E12,1828.03,1880.0,1827.84,1851.99,241844.8281,
1.6880832E12,1851.99,1948.6,1825.01,1933.79,716538.1035,
1.6881696E12,1933.8,1944.56,1909.44,1924.5,178373.3688,
1.688256E12,1924.5,1959.2,1885.75,1937.48,255852.7832,
1.6883424E12,1937.49,1976.16,1933.55,1955.54,322102.4295,
1.6884288E12,1955.55,1967.08,1931.58,1936.2,205525.0984,
1.6885152E12,1936.19,1942.5,1894.51,1910.36,267633.4783,
1.6886016E12,1910.35,1958.0,1846.0,1846.17,456362.741,
1.688688E12,1846.17,1878.0,1826.0,1870.91,232944.3466,
1.6887744E12,1870.92,1876.0,1842.8,1865.24,125819.8273,
1.6888608E12,1865.24,1879.36,1856.15,1862.8,135046.3743,
1.6889472E12,1862.81,1905.5,1846.63,1880.4,247868.1494,
1.6890336E12,1880.41,1891.99,1862.38,1878.3,177771.6117,
1.68912E12,1878.31,1902.0,1864.37,1871.82,264406.8673,
1.6892064E12,1871.82,2012.63,1862.59,2004.49,548861.4207,
1.6892928E12,2004.49,2029.11,1898.39,1937.83,498724.0359,
1.6893792E12,1937.82,1946.37,1926.23,1931.41,135181.7663,
1.6894656E12,1931.41,1943.55,1914.0,1922.11,148667.1051,
1.689552E12,1922.12,1936.18,1873.26,1911.2,277159.0349,
1.6896384E12,1911.21,1917.19,1875.73,1897.21,215780.5006,
1.6897248E12,1897.21,1922.04,1882.17,1888.63,218045.0005,
1.6898112E12,1888.64,1929.05,1878.0,1891.59,292907.5164,
1.6898976E12,1891.59,1905.74,1884.64,1891.73,165554.0428,
1.689984E12,1891.73,1897.35,1883.79,1888.16,60937.5657,
