date,value,buy,sell,
1541808000000,50.10171355407096,6433.05,,
1541894400000,50.232243352403984,,,
1541980800000,50.25763280005109,,,
1542067200000,50.2933805192843,,,
1542153600000,46.12476031894131,,,
1542240000000,44.80848101009503,,,
1542326400000,44.04944555988405,,,
1542412800000,43.83410254533107,,,
1542499200000,44.096641895080836,,,
1542585600000,38.24016859839346,,,
1542672000000,35.50519549095871,,,
1542758400000,36.30122476826288,,,
1542844800000,34.03432092573353,,,
1542931200000,34.4284804181938,,,
1543017600000,30.626527455650244,,,
1543104000000,31.820766075959625,,,
1543190400000,30.079486105118544,,,
1543276800000,30.18081025048326,,,
1543363200000,33.215394416502214,,,
1543449600000,33.4567499326323,,,
1543536000000,31.474503854367377,,,
1543622400000,32.63260534673731,,,
1543708800000,32.406670415374485,,,
1543795200000,30.24934618278222,,,
1543881600000,30.776060398847974,,,
1543968000000,29.360170342944464,,,
1544054400000,27.32675596067907,,,
1544140800000,26.507440042741504,,,
1544227200000,26.564916767783128,,,
1544313600000,27.61195889713224,,,
1544400000000,26.735867189824287,,,
1544486400000,26.327065930009237,,,
1544572800000,26.830259860217854,,,
1544659200000,25.717018250807246,,,
1544745600000,25.1103973682202,,,
1544832000000,25.01343460036542,,,
1544918400000,25.145444151782172,,,
1545004800000,27.32932605814028,,,
1545091200000,28.450044314710773,,,
1545177600000,28.52200704362468,,,
1545264000000,31.539145699603896,,,
1545350400000,29.896152486218828,,,
1545436800000,30.754798683487046,,,
1545523200000,30.60526574028932,,,
1545609600000,31.215079774267565,,,
1545696000000,29.172864755241054,,,
1545782400000,29.421696918531026,,,
1545868800000,27.787504341907077,,,
1545955200000,29.900825390693758,,,
1546041600000,28.77979560715827,,,
1546128000000,29.60993708712942,,,
1546214400000,28.838829967024875,,,
1546300800000,29.572787496553733,,,
1546387200000,30.051137151303976,,,
1546473600000,29.336338530122326,,,
1546560000000,29.532834163293092,,,
1546646400000,29.368893097964328,,,
1546732800000,31.056123140378727,,,
1546819200000,30.96149682476141,,,
1546905600000,30.803241126543814,,,
1546992000000,30.89296089246245,,,
1547078400000,27.927457830931203,,,
1547164800000,28.04762935767813,,,
1547251200000,27.90604035208778,,,
1547337600000,27.07800167913034,,,
1547424000000,28.2406203124927,,,
1547510400000,27.67184995615258,,,
1547596800000,27.9738753487155,,,
1547683200000,28.16367315213887,,,
1547769600000,27.99747351631389,,,
1547856000000,28.545994619929317,,,
1547942400000,27.564528916711712,,,
1548028800000,27.468111321045676,,,
1548115200000,27.81102462776422,,,
1548201600000,27.669980794362612,,,
1548288000000,27.800822119660623,,,
1548374400000,27.767099325699885,,,
1548460800000,27.766787798734892,,,
1548547200000,27.654560209595346,,,
1548633600000,26.745758170962887,,,
1548720000000,26.565773466936868,,,
1548806400000,26.932907995183793,,,
1548892800000,26.74536876225664,,,
1548979200000,26.963203992529586,,,
1549065600000,27.29575902766204,,,
1549152000000,26.932362822995053,,,
1549238400000,26.972160392773198,,,
1549324800000,27.03734741019846,,,
1549411200000,26.521614519648786,,,
1549497600000,26.467330945998363,,,
1549584000000,28.497240649907557,,,
1549670400000,28.54506003903433,,,
1549756800000,28.660948070012573,,,
1549843200000,28.279249656152118,,,
1549929600000,28.282442807543315,,,
1550016000000,28.110635686348424,,,
1550102400000,27.96390648583565,,,
1550188800000,28.05666363966299,,,
1550275200000,28.18080713521361,,,
1550361600000,28.56375165693405,,,
1550448000000,30.362975643264242,,,
1550534400000,30.434548963471908,,,
1550620800000,30.917026350508333,,,
1550707200000,30.66445586363842,,,
1550793600000,30.856745882781752,,,
1550880000000,32.069831884473345,,,
1550966400000,29.155497126942567,,,
1551052800000,29.812507496117597,,,
1551139200000,29.666946521723556,,,
1551225600000,29.735793980987513,,,
1551312000000,29.70168177832053,,,
1551398400000,29.77418967942318,,,
1551484800000,29.75027998485979,,,
1551571200000,29.65542002401873,,,
1551657600000,28.935403326173407,,,
1551744000000,30.044672966780325,,,
1551830400000,30.07668236243359,,,
1551916800000,30.168582817107193,,,
1552003200000,30.100436293514477,,,
1552089600000,30.70908210137399,,,
1552176000000,30.504876175819593,,,
1552262400000,30.152772823633686,,,
1552348800000,30.23937731990237,,,
1552435200000,30.109081166793096,,,
1552521600000,30.19568566306178,,,
1552608000000,30.55892610424627,,,
1552694400000,31.199269780794054,,,
1552780800000,31.00581153553199,,,
1552867200000,31.05775865694495,,,
1552953600000,31.273646843686677,,,
1553040000000,31.487899513862175,,,
1553126400000,31.00191744846955,,,
1553212800000,31.050905063715053,,,
1553299200000,31.199503426017802,,,
1553385600000,31.091792977870682,,,
1553472000000,30.655187936429808,,,
1553558400000,30.751994940802092,,,
1553644800000,31.449036524979014,,,
1553731200000,31.36928562194022,,,
1553817600000,31.956825477921306,,,
1553904000000,31.98579748566587,,,
1553990400000,31.962277199808725,,,
1554076800000,32.278554951020176,,,
1554163200000,37.82942029504719,,,
1554249600000,38.415947688392045,,,
1554336000000,38.15161705859355,,,
1554422400000,38.97942208632724,,,
1554508800000,39.28269358675014,,,
1554595200000,40.266963032652704,,,
1554681600000,40.78588907459358,,,
1554768000000,40.10909674314135,,,
1554854400000,41.341575298403896,,,
1554940800000,39.07615120895827,,,
1555027200000,39.31478086414465,,,
1555113600000,39.293051858336234,,,
1555200000000,39.96345788700606,,,
1555286400000,39.13518556882487,,,
1555372800000,40.29383223338355,,,
1555459200000,40.5204681004176,,,
1555545600000,40.95364634524353,,,
1555632000000,40.9555155070335,,,
1555718400000,41.21291466186084,,,
1555804800000,40.9357335447563,,,
1555891200000,41.72233913136937,,,
1555977600000,42.78285480195453,,,
1556064000000,42.17296288623503,,,
1556150400000,40.653490114470586,,,
1556236800000,41.38713611703446,,,
1556323200000,41.243755831395376,,,
1556409600000,41.33588993129273,,,
1556496000000,40.795546410508436,,,
1556582400000,41.439394765412416,,,
1556668800000,41.92529894906379,,,
1556755200000,42.779428005339575,,,
1556841600000,44.958714888964,,,
1556928000000,45.4007716522923,,,
1557014400000,44.98153423914991,,,
1557100800000,44.76478935325445,,,
1557187200000,45.532313913261554,,,
1557273600000,46.63005705616364,,,
1557360000000,48.35817501273367,,,
1557446400000,49.636603795333016,,,
1557532800000,55.1108335059712,,,
1557619200000,54.26262346203032,,,
1557705600000,60.67540603645801,,,
1557792000000,61.89698114794572,,,
1557878400000,63.6283701376482,,,
1557964800000,61.26637268905404,,,
1558051200000,57.28404561377822,,,
1558137600000,56.522284302623525,,,
1558224000000,63.46178109311697,,,
1558310400000,61.823694429430574,,,
1558396800000,61.564503994554514,,,
1558483200000,59.411541139472185,,,
1558569600000,61.14892702325082,,,
1558656000000,62.03179444204742,,,
1558742400000,62.50329050356777,,,
1558828800000,67.09068082660566,,,
1558915200000,68.19574485318513,,,
1559001600000,67.87892192978494,,,
1559088000000,67.33406126800821,,,
1559174400000,64.40461745267517,,,
1559260800000,66.62782963836393,,,
1559347200000,66.54270489517897,,,
1559433600000,67.95945165023622,,,
1559520000000,63.20741932619833,,,
1559606400000,59.867928143190255,,,
1559692800000,60.56473608214343,,,
1559779200000,60.64417545821723,,,
1559865600000,62.15375724884307,,,
1559952000000,61.47688703564959,,,
1560038400000,59.40920468723472,,,
1560124800000,62.17104699540031,,,
1560211200000,61.40897415728062,,,
1560297600000,63.299475544354436,,,
1560384000000,64.0074205723062,,,
1560470400000,67.3677061802277,,,
1560556800000,68.60368941384645,,,
1560643200000,69.7300930375281,,,
1560729600000,72.53874227218422,,,
1560816000000,70.72869272382044,,,
1560902400000,72.08336773110238,,,
1560988800000,74.12098772739523,,,
1561075200000,79.12675876442177,,,
1561161600000,83.56321427291944,,,
1561248000000,84.93837217814982,,,
1561334400000,86.11064814742703,,,
1561420800000,92.06291598585045,,,
1561507200000,101.97679435637751,,,
1561593600000,88.23993495316971,,,
1561680000000,96.57826569823318,,,
1561766400000,92.70364907110448,,,
1561852800000,84.53362076887971,,,
1561939200000,82.74880490468054,,,
1562025600000,84.4460038099748,,,
1562112000000,92.99079905108887,,,
1562198400000,86.8044186984715,,,
1562284800000,85.44195551706467,,,
1562371200000,87.66750415499091,,,
1562457600000,88.83378323019195,,,
1562544000000,95.31634784477859,,,
1562630400000,97.6902611997838,,,
1562716800000,94.30209392849522,,,
1562803200000,88.3404023993807,,,
1562889600000,91.56727658454297,,,
1562976000000,88.44063620036792,,,
1563062400000,79.23828541789007,,,
1563148800000,84.41383865083903,,,
1563235200000,73.51717058749314,,,
1563321600000,75.2954443854274,,,
1563408000000,82.76617253297903,,,
1563494400000,81.8092395782548,,,
1563580800000,83.64678138127941,,,
1563667200000,82.47248048672974,,,
1563753600000,80.53213478525667,,,
1563840000000,76.82963680628787,,,
1563926400000,76.03812466997613,,,
1564012800000,76.9461478911961,,,
1564099200000,76.51102260283895,,,
1564185600000,73.80478785792502,,,
1564272000000,74.31117493952485,,,
1564358400000,74.04715583669133,,,
1564444800000,74.56561458818472,,,
1564531200000,78.50892291109488,,,
1564617600000,80.80222866390758,,,
1564704000000,81.960797446725,,,
1564790400000,84.24358916446911,,,
1564876800000,85.11874629088207,,,
1564963200000,92.12475408840201,,,
1565049600000,89.4214009679143,,,
1565136000000,93.26361879068348,,,
1565222400000,93.45629821853306,,,
1565308800000,92.52343072185471,,,
1565395200000,88.07887551226716,,,
1565481600000,89.9531774971612,,,
1565568000000,88.75465538108315,,,
1565654400000,84.8343221718414,,,
1565740800000,78.27403157948845,,,
1565827200000,80.17091926934467,,,
1565913600000,80.46383249818147,,,
1566000000000,79.56414262327512,,,
1566086400000,80.2709973068494,,,
1566172800000,85.01212618711246,,,
1566259200000,83.80472555253202,,,
1566345600000,78.99210123380254,,,
1566432000000,78.65962408041133,,,
1566518400000,80.91562447916586,,,
1566604800000,78.92808244249602,,,
1566691200000,78.99303581469754,,,
1566777600000,80.7808890668054,,,
1566864000000,79.32294287062753,,,
1566950400000,75.70884066797612,,,
1567036800000,73.97550463474244,,,
1567123200000,74.64606642689476,,,
1567209600000,74.66888577708065,,,
1567296000000,75.73983760099316,,,
1567382400000,80.52972045127797,,,
1567468800000,82.67364902437544,,,
1567555200000,82.29779174110864,,,
1567641600000,82.27808766057268,,,
1567728000000,80.20830250514409,,,
1567814400000,81.43221406886927,,,
1567900800000,80.8504374617406,,,
1567987200000,80.24249258955233,,,
1568073600000,78.6461505391753,,,
1568160000000,79.11484285801069,,,
1568246400000,81.11391139238536,,,
1568332800000,80.54576408997522,,,
1568419200000,80.49093534413606,,,
1568505600000,80.23384771627371,,,
1568592000000,79.83898728814219,,,
1568678400000,79.34451611295346,,,
1568764800000,79.10440670468334,,,
1568851200000,79.78431430578554,,,
1568937600000,79.19474952453197,,,
1569024000000,77.7757441989785,,,
1569110400000,78.1065858358035,,,
1569196800000,75.56281240313459,,,
1569283200000,66.14605318699873,,,
1569369600000,65.65469728145995,,,
1569456000000,62.80173333603324,,,
1569542400000,63.69098705761224,,,
1569628800000,63.85375989682227,,,
1569715200000,62.64667078920684,,,
1569801600000,64.55882330034783,,,
1569888000000,64.58296664013497,,,
1569974400000,65.10866839356449,,,
1570060800000,64.04963247606304,,,
1570147200000,63.37338531679956,,,
1570233600000,63.28818269187335,,,
1570320000000,61.170266620353,,,
1570406400000,63.7858470184533,,,
1570492800000,63.61684363994337,,,
1570579200000,66.67253375784075,,,
1570665600000,66.65142780596233,,,
1570752000000,64.31863601033648,,,
1570838400000,64.64254617219031,,,
1570924800000,64.44721876513827,,,
1571011200000,65.01723522933837,,,
1571097600000,63.54597125540695,,,
1571184000000,62.241062680782996,,,
1571270400000,62.855082328788676,,,
1571356800000,61.892697652177034,,,
1571443200000,61.90048582630192,,,
1571529600000,64.04488168984687,,,
1571616000000,63.84176610866996,,,
1571702400000,62.46115648155216,,,
1571788800000,58.15133668432506,,,
1571875200000,57.72913976501521,,,
1571961600000,67.40680281433461,,,
1572048000000,71.88484717265915,,,
1572134400000,74.22075423793495,,,
1572220800000,71.69123316391459,,,
1572307200000,73.26818266072067,,,
1572393600000,71.29855342453804,,,
1572480000000,71.19053144942595,,,
1572566400000,71.89738613300021,,,
1572652800000,72.34839929657213,,,
1572739200000,71.61000250779206,,,
1572825600000,73.1570454159586,,,
1572912000000,72.49746494932235,,,
1572998400000,72.7341475609775,,,
1573084800000,71.77737036973579,,,
1573171200000,68.33133696469932,,,
1573257600000,68.60921901747511,,,
1573344000000,70.40096635664541,,,
1573430400000,68.01622743960661,,,
1573516800000,68.70680483925989,,,
1573603200000,68.35773887498269,,,
1573689600000,67.3418494421331,,,
1573776000000,65.97930837898501,,,
1573862400000,66.129542257854,,,
1573948800000,66.21817167939514,,,
1574035200000,63.76310555000865,,,
1574121600000,63.34620458910373,,,
1574208000000,63.06871194503419,,,
1574294400000,59.406167299326015,,,
1574380800000,56.60624081968975,,,
1574467200000,56.94378028626213,,,
1574553600000,53.763946672814136,,,
1574640000000,55.370569113036005,,,
1574726400000,55.733264382031756,,,
1574812800000,58.47766118015761,,,
1574899200000,57.78428003781938,,,
1574985600000,60.27797551086529,,,
1575072000000,58.73755255070491,,,
1575158400000,57.56153825784776,,,
1575244800000,56.809122755642925,,,
1575331200000,56.79689532226686,,,
1575417600000,56.03061687011974,,,
1575504000000,57.546818608751735,,,
1575590400000,58.62524707982412,,,
1575676800000,58.31948336368126,,,
1575763200000,58.49004437701617,,,
1575849600000,57.154606159822684,,,
1575936000000,56.262782340782465,,,
1576022400000,56.15273544039788,,,
1576108800000,56.05990040482929,,,
1576195200000,56.53030612197215,,,
1576281600000,55.016051426871385,,,
1576368000000,55.44081844364244,,,
1576454400000,53.673915379930506,,,
1576540800000,51.58746353187466,,,
1576627200000,56.68100729128862,,,
1576713600000,55.68778144514244,,,
1576800000000,55.98007162004926,,,
1576886400000,55.55109898925077,,,
1576972800000,58.42252090735344,,,
1577059200000,56.98677100743148,,,
1577145600000,56.50920017009373,,,
1577232000000,56.11091294534727,,,
1577318400000,56.09043004739883,,,
1577404800000,56.5011783507451,,,
1577491200000,56.97937224201284,,,
1577577600000,57.54089959641682,,,
1577664000000,56.43310970889363,,,
1577750400000,56.03770410857338,,,
1577836800000,56.08147364715522,,,
1577923200000,54.25016238343051,,,
1578009600000,57.20382742029194,,,
1578096000000,57.2750892135346,,,
1578182400000,57.311226341474054,,,
1578268800000,60.420654860833125,,,
1578355200000,63.43685893591735,,,
1578441600000,62.741374986565404,,,
1578528000000,60.88607614653606,,,
1578614400000,63.83981906513874,,,
1578700800000,62.46123436329341,,,
1578787200000,63.74604944867516,,,
1578873600000,63.16474013199398,,,
1578960000000,68.61389192195004,,,
1579046400000,68.7026771069737,,,
1579132800000,67.91295625071068,,,
1579219200000,69.41817666382659,,,
1579305600000,69.43904897048127,,,
1579392000000,67.77035478248409,,,
1579478400000,67.30812664817236,,,
1579564800000,68.03772280019129,,,
1579651200000,67.61973149490888,,,
1579737600000,65.45586519605172,,,
1579824000000,65.72440143987764,,,
1579910400000,64.95788934250677,,,
1579996800000,67.09512008585683,,,
1580083200000,69.37370618957351,,,
1580169600000,73.00797976320835,,,
1580256000000,72.44193526781196,,,
1580342400000,74.09053596656693,,,
1580428800000,72.84193589086587,,,
1580515200000,73.08897677410714,,,
1580601600000,72.67542472807591,,,
1580688000000,72.3695831301918,,,
1580774400000,71.62799319002056,,,
1580860800000,74.86024121532901,,,
1580947200000,76.1060375483451,,,
1581033600000,76.43103805457642,,,
1581120000000,77.0643723744118,,,
1581206400000,79.06359667226897,,,
1581292800000,76.72776748873441,,,
1581379200000,79.61912713259679,,,
1581465600000,80.42426857362706,,,
1581552000000,79.67013967311476,,,
1581638400000,80.56367689046246,,,
1581724800000,77.1396840181994,,,
1581811200000,77.23742560346668,,,
1581897600000,75.5920180561029,,,
1581984000000,79.16453140892743,,,
1582070400000,74.71810703754991,,,
1582156800000,74.73858993549835,,,
1582243200000,75.36655041518756,,,
1582329600000,75.16257813485691,,,
1582416000000,77.38641337447567,,,
1582502400000,75.20362181249503,,,
1582588800000,72.55338403953901,,,
1582675200000,68.42105673061796,,,
1582761600000,68.71669582039847,,,
1582848000000,67.70189673192638,,,
1582934400000,66.3833588525839,,,
1583020800000,66.44776705259666,,,
1583107200000,69.43344148511135,,,
1583193600000,68.22495050615343,,,
1583280000000,68.15329930420454,,,
1583366400000,70.51942448508487,,,
1583452800000,71.12067152752574,,,
1583539200000,69.21085546862223,,,
1583625600000,62.56481707915434,,,
1583712000000,61.759208347676555,,,
1583798400000,61.484207919326984,,,
1583884800000,61.795423357357265,,,
1583971200000,37.38323579943271,,,
1584057600000,43.44710817306569,,,
1584144000000,40.280903864336246,,,
1584230400000,41.754737935728876,,,
1584316800000,39.1664940288069,,,
1584403200000,41.375765382812126,,,
1584489600000,42.00193458245263,,,
1584576000000,47.99361058194795,,,
1584662400000,48.351788709951265,,,
1584748800000,48.18527754716129,,,
1584835200000,45.29750046339636,,,
1584921600000,50.368536399589416,,,
1585008000000,52.52905378357288,,,
1585094400000,52.00498754670958,,,
1585180800000,52.47173282201374,,,
1585267200000,49.525855959277195,,,
1585353600000,48.57211615594417,,,
1585440000000,45.805523061562404,,,
1585526400000,49.80054486066178,,,
1585612800000,49.92562293710738,,,
1585699200000,51.73621765765991,,,
1585785600000,52.91355594011829,,,
1585872000000,52.446343374366634,,,
1585958400000,53.403432092573354,,,
1586044800000,52.74758994951706,,,
1586131200000,57.086537517971216,,,
1586217600000,56.053981392494386,,,
1586304000000,57.330930422010006,,,
1586390400000,56.7254777655417,,,
1586476800000,53.41846326863438,,,
1586563200000,53.55794946721101,,,
1586649600000,53.767918641617825,,,
1586736000000,53.25483373027061,,,
1586822400000,53.49463161157572,,,
1586908800000,51.56737004263247,,,
1586995200000,55.31114534446316,,,
1587081600000,54.7317830713132,,,
1587168000000,56.45335896161833,,,
1587254400000,55.45756301801094,,,
1587340800000,53.16854076096692,,,
1587427200000,53.2817808127427,,,
1587513600000,55.491830984160416,,,
1587600000000,58.27415619027445,,,
1587686400000,58.450246807238024,,,
1587772800000,58.7124746300228,,,
1587859200000,59.9152023601283,,,
1587945600000,60.55009431478866,,,
1588032000000,60.272523788977864,,,
1588118400000,68.36903172746375,,,
1588204800000,67.13406095648125,,,
1588291200000,68.74590147336679,,,
1588377600000,69.87588765714588,,,
1588464000000,69.26926677455884,,,
1588550400000,69.09636930898647,,,
1588636800000,70.2635829650825,,,
1588723200000,71.20665296986445,,,
1588809600000,77.77582208071975,,,
1588896000000,76.32418430558303,,,
1588982400000,74.29450824689758,,,
1589068800000,67.93445161129536,,,
1589155200000,66.67860853365816,,,
1589241600000,68.61996669776745,,,
1589328000000,72.50299455295102,,,
1589414400000,76.26164526736024,,,
1589500800000,72.55790118053145,,,
1589587200000,73.06296427253002,,,
1589673600000,75.38983705582098,,,
1589760000000,75.80954175941085,,,
1589846400000,76.13352980300594,,,
1589932800000,74.07667301662464,,,
1590019200000,70.62822527760947,,,
1590105600000,71.41755672516625,,,
1590192000000,71.4888185184089,,,
1590278400000,67.9155263481719,,,
1590364800000,69.31747557239187,,,
1590451200000,68.85664930942261,,,
1590537600000,71.68289981760097,,,
1590624000000,74.57869872071451,,,
1590710400000,73.41966264744961,,,
1590796800000,75.52753197434888,,,
1590883200000,73.5847719388971,,,
1590969600000,79.44537296787068,,,
1591056000000,74.12815284759012,,,
1591142400000,75.28236025289759,,,
1591228800000,76.23890379891557,,,
1591315200000,74.93126936334792,,,
1591401600000,75.28282754334508,,,
1591488000000,75.9112553134818,,,
1591574400000,76.18399717133516,,,
1591660800000,76.1093864632188,,,
1591747200000,76.98610122445675,,,
1591833600000,72.2773711485532,,,
1591920000000,73.7160805546426,,,
1592006400000,73.78002146420789,,,
1592092800000,72.75790149205841,,,
1592179200000,73.41148506461849,,,
1592265600000,74.18695356223297,,,
1592352000000,73.71615843638386,,,
1592438400000,73.10229455186068,,,
1592524800000,72.50969238269842,,,
1592611200000,72.88913222606267,,,
1592697600000,72.38866415679776,,,
1592784000000,75.43384023962655,,,
1592870400000,74.96031925283373,,,
1592956800000,72.40268287022255,,,
1593043200000,72.0366386863531,,,
1593129600000,71.35688684873341,,,
1593216000000,70.18702521343492,,,
1593302400000,70.99972118336633,,,
1593388800000,71.59325793342357,,,
1593475200000,71.17261864893871,,,
1593561600000,71.90042352090892,,,
1593648000000,70.76755571270361,,,
1593734400000,70.54730614845195,,,
1593820800000,71.14855319089283,,,
1593907200000,70.63414428994439,,,
1593993600000,72.77425665772066,,,
1594080000000,72.09816526193966,,,
1594166400000,73.4896783328323,,,
1594252800000,71.90377243578261,,,
1594339200000,72.33920925110476,,,
1594425600000,71.91623351438243,,,
1594512000000,72.4514368402443,,,
1594598400000,71.98313393011517,,,
1594684800000,72.08617147378735,,,
1594771200000,71.63251033101298,,,
1594857600000,71.13500176791553,,,
1594944000000,71.29543815488809,,,
1595030400000,71.41973741392121,,,
1595116800000,71.72121763429539,,,
1595203200000,71.34574975973484,,,
1595289600000,73.13095503264024,,,
1595376000000,74.1290874284851,,,
1595462400000,74.79193892825378,,,
1595548800000,74.28204716829777,,,
1595635200000,75.54856004448605,,,
1595721600000,77.34856284822875,,,
1595808000000,85.90324907048142,,,
1595894400000,84.9399298129748,,,
1595980800000,86.45286051847434,,,
1596067200000,86.44569539827945,,,
1596153600000,88.28253626563281,,,
1596240000000,91.90956683733152,,,
1596326400000,86.22560159751029,,,
1596412800000,87.38183392809023,,,
1596499200000,87.16501116045352,,,
1596585600000,91.47140416106568,,,
1596672000000,91.60808661695735,,,
1596758400000,90.29788208392849,,,
1596844800000,91.59990903412623,,,
1596931200000,90.97895791114941,,,
1597017600000,92.62413181328944,,,
1597104000000,88.72350268458362,,,
1597190400000,90.06501567759452,,,
1597276800000,91.74469119110778,,,
1597363200000,91.59313332263758,,,
1597449600000,92.30855499774923,,,
1597536000000,92.7649420014673,,,
1597622400000,95.6475788903098,,,
1597708800000,93.02981780345453,,,
1597795200000,91.54679368659454,,,
1597881600000,92.31751139799283,,,
1597968000000,89.80808381321467,,,
1598054400000,90.8331632915316,,,
1598140800000,90.7176646692596,,,
1598227200000,91.49702725393655,,,
1598313600000,88.14982577854484,,,
1598400000000,89.26361256014418,,,
1598486400000,88.24297234107841,,,
1598572800000,89.77358220184144,,,
1598659200000,89.29795840803492,,,
1598745600000,91.20855328435091,,,
1598832000000,90.72841234955196,,,
1598918400000,92.85037827161725,,,
1599004800000,88.69593254818156,,,
1599091200000,78.97870557430775,,,
1599177600000,81.35721395204666,,,
1599264000000,79.1799519936947,,,
1599350400000,79.87707145961288,,,
1599436800000,80.79015699401403,,,
1599523200000,78.86811350173443,,,
1599609600000,79.58890901699225,,,
1599696000000,80.50534346626709,,,
1599782400000,80.90269611011855,,,
1599868800000,81.31570298396105,,,
1599955200000,80.47387924280257,,,
1600041600000,83.11360298069002,,,
1600128000000,83.99787227082909,,,
1600214400000,85.31173724569665,,,
1600300800000,85.2025470444658,,,
1600387200000,85.15114509524159,,,
1600473600000,86.29803161687168,,,
1600560000000,85.0490421324644,,,
1600646400000,81.13112325720134,,,
1600732800000,82.0064361470968,,,
1600819200000,79.76227377301211,,,
1600905600000,83.61632962045113,,,
1600992000000,83.22964677515074,,,
1601078400000,83.55620491620705,,,
1601164800000,83.9117350650079,,,
1601251200000,83.30324502063088,,,
1601337600000,84.42754583729882,,,
1601424000000,83.92995939246012,,,
1601510400000,82.70363349475622,,,
1601596800000,82.32411576965073,,,
1601683200000,82.10339891495158,,,
1601769600000,83.07357176568811,,,
1601856000000,84.05161067229076,,,
1601942400000,82.55199774454478,,,
1602028800000,83.07170260389815,,,
1602115200000,85.090241573585,,,
1602201600000,86.06430851138397,,,
1602288000000,87.95356379059781,,,
1602374400000,88.54390738926385,,,
1602460800000,89.78401835516878,,,
1602547200000,88.94530988366026,,,
1602633600000,88.92451545874682,,,
1602720000000,89.60387788766027,,,
1602806400000,88.15683513525723,,,
1602892800000,88.4752156934824,,,
1602979200000,89.588457302893,,,
1603065600000,91.5224945833249,,,
1603152000000,92.75707594560117,,,
1603238400000,99.54034196314947,,,
1603324800000,101.00109190201232,,,
1603411200000,100.64711938803643,,,
1603497600000,102.11643631843664,,,
1603584000000,101.47079668348394,,,
1603670400000,101.65272843104118,,,
1603756800000,106.20086635648966,,,
1603843200000,103.3210332103321,,,
1603929600000,104.79533457217225,,,
1604016000000,105.6084199508099,,,
1604102400000,107.40670935624512,,,
1604188800000,107.1769582195611,,,
1604275200000,105.52485284244993,,,
1604361600000,109.21769348550389,,,
1604448000000,110.15601270406964,,,
1604534400000,121.41779037039,,,
1604620800000,121.33912981172868,,,
1604707200000,115.4075006347362,,,
1604793600000,120.52277339995858,,,
1604880000000,119.38032613757966,,,
1604966400000,119.13733510488335,,,
1605052800000,122.15159213643636,,,
1605139200000,126.88384249819705,,,
1605225600000,127.10845343995865,,,
1605312000000,125.15946286520698,,,
1605398400000,124.27589451073912,,,
1605484800000,130.16819340840095,,,
1605571200000,137.53432637745544,,,
1605657600000,138.44351782479413,,,
1605744000000,138.65146207392849,,,
1605830400000,145.2936063763339,,,
1605916800000,145.6684511969645,,,
1606003200000,143.41478725044743,,,
1606089600000,143.05318232582917,,,
1606176000000,149.22149411447683,,,
1606262400000,145.78768814281645,,,
1606348800000,133.56305850943696,,,
1606435200000,133.48556617689437,,,
1606521600000,138.00527726678703,,,
1606608000000,141.62786857923456,,,
1606694400000,153.39486510103598,,,
1606780800000,146.14477592644226,,,
1606867200000,149.5647968299016,,,
1606953600000,151.26113903604212,,,
1607040000000,145.2534972795908,,,
1607126400000,149.12531016403454,,,
1607212800000,150.77437815323702,,,
1607299200000,149.27515463419726,,,
1607385600000,142.71135936348813,,,
1607472000000,144.40271713818868,,,
1607558400000,142.17023702529133,,,
1607644800000,140.4716362486546,,,
1607731200000,146.48535278092334,,,
1607817600000,149.33816096286756,,,
1607904000000,150.1025702532247,,,
1607990400000,151.29641946482784,,,
1608076800000,166.16474480489848,,,
1608163200000,177.5482516327907,,,
1608249600000,179.9643768915528,,,
1608336000000,185.5268466150259,,,
1608422400000,182.67567394964792,,,
1608508800000,176.94505754681862,,,
1608595200000,185.44257857099467,,,
1608681600000,180.9407802815892,,,
1608768000000,184.80714144414557,,,
1608854400000,192.4650194159181,,,
1608940800000,206.33513447840264,,,
1609027200000,204.6861443709414,,,
1609113600000,210.89916027906588,,,
1609200000000,213.2791484098885,,,
1609286400000,224.88773346998985,,,
1609372800000,225.26226676365542,,,
1609459200000,228.44030909705467,,,
1609545600000,250.61043708790828,,,
1609632000000,257.0101355298062,,,
1609718400000,249.13364351034815,,,
1609804800000,264.4048510978989,,,
1609891200000,286.3661781404644,,,
1609977600000,307.1054627810947,,,
1610064000000,316.06599075699495,,,
1610150400000,312.2140377165697,,,
1610236800000,297.1189986277237,,,
1610323200000,275.73617715915447,,,
1610409600000,265.19698628814064,,,
1610496000000,291.05481472712574,,,
1610582400000,304.8641820314362,,,
1610668800000,286.1548070947151,,,
1610755200000,280.33517186163846,,,
1610841600000,279.03945333248186,,,
1610928000000,285.29070917555947,,,
1611014400000,279.5291737214544,,,
1611100800000,276.23275114135697,,,
1611187200000,240.26618421524023,,,
1611273600000,256.5827205338326,,,
1611360000000,249.82904957795887,,,
1611446400000,251.24571845127488,,,
1611532800000,251.20132585876306,,,
1611619200000,252.86464620661405,,,
1611705600000,236.49686370227994,,,
1611792000000,259.8513393323043,,,
1611878400000,266.7620977602769,,,
1611964800000,266.84527545993063,,,
1612051200000,257.7338905512314,,,
1612137600000,261.10920733521397,,,
1612224000000,276.2172526748484,,,
1612310400000,292.9823099412928,,,
1612396800000,287.66913967155716,,,
1612483200000,298.21105640351465,,,
1612569600000,305.19471214129624,,,
1612656000000,302.1475890149362,,,
1612742400000,361.17556257875793,,,
1612828800000,361.5303139101463,,,
1612915200000,348.96923515457195,,,
1613001600000,373.5948965652595,,,
1613088000000,368.2840627477613,,,
1613174400000,367.24114835069844,,,
1613260800000,378.3322871219426,,,
1613347200000,373.1399893146251,,,
1613433600000,382.6598639561744,,,
1613520000000,405.917376818344,,,
1613606400000,401.50062539038225,,,
1613692800000,435.4056626256428,,,
1613779200000,434.9009110606092,,,
1613865600000,447.10793942046644,,,
1613952000000,421.2441919691464,,,
1614038400000,380.77162113959685,,,
1614124800000,386.886895462454,,,
1614211200000,366.6184059476729,,,
1614297600000,360.41232151451953,,,
1614384000000,359.0849051166747,,,
1614470400000,351.5243793214632,,,
1614556800000,386.1924239757383,,,
1614643200000,377.2642169224563,,,
1614729600000,392.12966063810075,,,
1614816000000,376.74583605270413,,,
1614902400000,379.68680636574203,,,
1614988800000,380.7030852072978,,,
1615075200000,396.9768644499447,,,
1615161600000,407.90694378028627,,,
1615248000000,427.450042757076,,,
1615334400000,434.9819080715079,,,
1615420800000,449.9474298246571,,,
1615507200000,445.65271908523226,,,
1615593600000,476.5458357411772,,,
1615680000000,459.25546613000955,,,
1615766400000,433.0629798488783,,,
1615852800000,443.1529488363689,,,
1615939200000,458.82446857393865,,,
1616025600000,448.9739080590469,,,
1616112000000,451.947822348633,,,
1616198400000,452.5106736926382,,,
1616284800000,446.6639356136069,,,
1616371200000,421.2097682395144,,,
1616457600000,423.216313421049,,,
1616544000000,407.34993356687477,,,
1616630400000,399.4848901633803,,,
1616716800000,428.54887624435554,,,
1616803200000,434.7136054729057,,,
1616889600000,434.40589471323165,,,
1616976000000,448.8750761294021,,,
1617062400000,457.52851639955827,,,
1617148800000,457.4816315913265,,,
1617235200000,457.32501140967514,,,
1617321600000,459.11294254352424,,,
1617408000000,444.33044288230985,,,
1617494400000,453.28738829811266,,,
1617580800000,460.5146581225205,,,
1617667200000,451.6451739021401,,,
1617753600000,435.7752114878684,,,
1617840000000,452.3178385013061,,,
1617926400000,452.8242255829059,,,
1618012800000,465.4923917326974,,,
1618099200000,467.30937275603236,,,
1618185600000,466.20010311542546,,,
1618272000000,495.1331699893614,,,
1618358400000,490.33978246072036,,,
1618444800000,491.90092196405294,,,
1618531200000,477.6861023148012,,,
1618617600000,467.3423167325806,,,
1618704000000,437.3060549938552,,,
1618790400000,433.2805814339275,,,
1618876800000,439.44772499645643,,,
1618963200000,418.90742820471684,,,
1619049600000,402.5781971623009,,,
1619136000000,398.17149247896026,,,
1619222400000,389.78129249422506,,,
1619308800000,382.14054850552725,,,
1619395200000,420.5722283056516,,,
1619481600000,428.4428013127747,,,
1619568000000,427.15191145157553,,,
1619654400000,417.0956652580456,,,
1619740800000,449.33302076794513,,,
1619827200000,450.15934604259513,,,
1619913600000,440.64095115412954,,,
1620000000000,445.2451639332772,,,
1620086400000,414.3309413254538,,,
1620172800000,447.3224257358657,,,
1620259200000,439.2037993828651,,,
1620345600000,446.37725292407004,,,
1620432000000,458.4278947474997,,,
1620518400000,453.5898030993818,,,
1620604800000,434.70581729878086,,,
1620691200000,441.3559834205349,,,
1620777600000,386.5373622077293,,,
1620864000000,386.8461633117809,,,
1620950400000,388.17389123659075,,,
1621036800000,364.19830872010704,,,
1621123200000,361.61660687945,,,
1621209600000,339.08183657606946,,,
1621296000000,333.7215478528783,,,
1621382400000,285.748809577585,,,
1621468800000,315.62852901640036,,,
1621555200000,290.12514038183866,,,
1621641600000,291.6650181698103,,,
1621728000000,269.9011213413105,,,
1621814400000,302.1522619194111,,,
1621900800000,298.4795926473406,,,
1621987200000,305.622828072941,,,
1622073600000,300.07819326821385,,,
1622160000000,277.75347002098135,,,
1622246400000,269.51093381765395,,,
1622332800000,277.58041679192644,,,
1622419200000,290.1391590952634,,,
1622505600000,285.77217409995967,,,
1622592000000,292.59142148196497,,,
1622678400000,305.66083436267036,,,
1622764800000,286.8306648452724,,,
1622851200000,276.58298533175287,,,
1622937600000,278.78789530824815,,,
1623024000000,261.3149708955933,,,
1623110400000,259.97556070959615,,,
1623196800000,291.1846435897876,,,
1623283200000,285.6368935154105,,,
1623369600000,290.7479606666054,,,
1623456000000,276.83929414220273,,,
1623542400000,303.8989936121396,,,
1623628800000,315.54792141420785,,,
1623715200000,312.64877359622056,,,
1623801600000,298.66876739683397,,,
1623888000000,296.67468329389925,,,
1623974400000,278.9711510454066,,,
1624060800000,276.35338995855136,,,
1624147200000,277.2602449536526,,,
1624233600000,246.17585074120055,,,
1624320000000,253.19011400329288,,,
1624406400000,262.2906733499585,,,
1624492800000,269.9621806264496,,,
1624579200000,245.98519623862344,,,
1624665600000,251.43068758674082,,,
1624752000000,270.25229011260143,,,
1624838400000,268.65220973864444,,,
1624924800000,279.68680636574203,,,
1625011200000,272.9365622064832,,,
1625097600000,260.9403597201865,,,
1625184000000,263.1355344790257,,,
1625270400000,270.00922119816386,,,
1625356800000,274.81748413938345,,,
1625443200000,262.38467661164583,,,
1625529600000,266.51139643519696,,,
1625616000000,263.72408679764305,,,
1625702400000,256.04175395911835,,,
1625788800000,263.36341645391974,,,
1625875200000,260.92618524327924,,,
1625961600000,266.81497946258486,,,
1626048000000,257.6844356455384,,,
1626134400000,254.90514782733308,,,
1626220800000,255.60803054210365,,,
1626307200000,248.28699110123227,,,
1626393600000,244.42304427265464,,,
1626480000000,245.48379358846356,,,
1626566400000,247.49695871800427,,,
1626652800000,240.1845641504115,,,
1626739200000,232.01243304117298,,,
1626825600000,250.34704103900475,,,
1626912000000,251.46324215458284,,,
1626998400000,261.94814945194616,,,
1627084800000,266.8083595145787,,,
1627171200000,275.55354447592595,,,
1627257600000,290.01291279269907,,,
1627344000000,307.30476215695046,,,
1627430400000,311.67930168115527,,,
1627516800000,311.6553141048507,,,
1627603200000,328.7105587391881,,,
1627689600000,322.9119515762486,,,
1627776000000,310.3232248025309,,,
1627862400000,304.8900387695308,,,
1627948800000,297.56315819806576,,,
1628035200000,309.37104263402284,,,
1628121600000,318.24395365101816,,,
1628208000000,333.6210025249261,,,
1628294400000,347.1387027082597,,,
1628380800000,341.07817924950047,,,
1628467200000,360.2295330678086,,,
1628553600000,355.02383960099627,,,
1628640000000,354.4475925974963,,,
1628726400000,345.7871429706277,,,
1628812800000,372.27472316935075,,,
1628899200000,366.577751678741,,,
1628985600000,365.8402894708559,,,
1629072000000,357.4872390766964,,,
1629158400000,348.09984127701136,,,
1629244800000,348.1725828233378,,,
1629331200000,364.17985074743115,,,
1629417600000,384.1319846292596,,,
1629504000000,380.2332246623438,,,
1629590400000,383.48361913336316,,,
1629676800000,385.4277810401574,,,
1629763200000,371.2934911113569,,,
1629849600000,381.4127436335571,,,
1629936000000,364.8282162433275,,,
1630022400000,382.16492549053817,,,
1630108800000,380.80549969704003,,,
1630195200000,379.81235173263514,,,
1630281600000,365.9110839736511,,,
1630368000000,366.8299327569046,,,
1630454400000,380.1448288860263,,,
1630540800000,383.5414073853698,,,
1630627200000,389.40200841434336,,,
1630713600000,388.7516958749157,,,
1630800000000,403.0915936006131,,,
1630886400000,410.15562329536345,,,
1630972800000,364.9828893814477,,,
1631059200000,358.6322564365365,,,
1631145600000,361.33342886826927,,,
1631232000000,349.3066967394031,,,
1631318400000,351.82056358343243,,,
1631404800000,358.4525832594755,,,
1631491200000,350.00623053929996,,,
1631577600000,366.91272104785213,,,
1631664000000,374.77792021482907,,,
1631750400000,371.7904545022656,,,
1631836800000,368.3804803434274,,,
1631923200000,376.112268087645,,,
1632009600000,367.92697496413547,,,
1632096000000,335.0131386497487,,,
1632182400000,317.2464443091033,,,
1632268800000,339.12521670594504,,,
1632355200000,349.41845703809514,,,
1632441600000,333.41617354544167,,,
1632528000000,332.32637434014697,,,
1632614400000,336.14460458661154,,,
1632700800000,328.25090070233756,,,
1632787200000,319.5218372614288,,,
1632873600000,323.39832305034747,,,
1632960000000,341.30972166623314,,,
1633046400000,374.93524133215163,,,
1633132800000,370.9888956213328,,,
1633219200000,375.39007070104475,,,
1633305600000,383.3724040068599,,,
1633392000000,400.8728206741755,,,
1633478400000,430.8028517178376,,,
1633564800000,418.8886587050759,,,
1633651200000,420.18313112637253,,,
1633737600000,427.9579874735008,,,
1633824000000,425.69380949191515,,,
1633910400000,447.5968809920265,,,
1633996800000,436.1138412988183,,,
1634083200000,446.7841850220951,,,
1634169600000,446.63574242327485,,,
1634256000000,480.31554566284376,,,
1634342400000,474.1095391114317,,,
1634428800000,479.19334765318956,,,
1634515200000,482.94343137606137,,,
1634601600000,500.62842777013674,,,
1634688000000,514.030473567716,,,
1634774400000,484.3710815748935,,,
1634860800000,472.6504246891351,,,
1634947200000,477.3118805481006,,,
1635033600000,473.9276852456157,,,
1635120000000,491.2685222251125,,,
1635206400000,469.8512770269113,,,
1635292800000,454.9340419533364,,,
1635379200000,471.7755790896871,,,
1635465600000,484.8427333998963,,,
1635552000000,481.77014294414795,,,
1635638400000,477.4135162204303,,,
1635724800000,474.38633081983,,,
1635811200000,492.3682902932871,,,
1635897600000,489.8487380821466,,,
1635984000000,478.1550282788603,,,
1636070400000,474.58890122881814,,,
1636156800000,478.7438142427014,,,
1636243200000,492.78573642638077,,,
1636329600000,525.9029219671683,,,
1636416000000,521.4000333333853,,,
1636502400000,505.3156624854556,,,
1636588800000,504.47321569036717,,,
1636675200000,499.3950925157205,,,
1636761600000,501.40265015989127,,,
1636848000000,510.2741593055441,,,
1636934400000,495.3803666360851,,,
1637020800000,467.74893730364073,,,
1637107200000,469.9763551033569,,,
1637193600000,443.0818428066088,,,
1637280000000,452.1209534594291,,,
1637366400000,465.0124844431222,,,
1637452800000,456.55849931230426,,,
1637539200000,438.06283187356996,,,
1637625600000,448.1414301268382,,,
1637712000000,445.00295171799337,,,
1637798400000,459.19355014571676,,,
1637884800000,418.43157076568656,,,
1637971200000,426.17690993288153,,,
1638057600000,446.06673842171097,,,
1638144000000,449.97149528270296,,,
1638230400000,443.5408777895293,,,
1638316800000,445.35949432943045,,,
1638403200000,439.87872255252734,,,
1638489600000,417.45431067649645,,,
1638576000000,382.80799502802967,,,
1638662400000,384.7072191701234,,,
1638748800000,392.8504561533585,,,
1638835200000,393.99555139493987,,,
1638921600000,393.0784160099938,,,
1639008000000,370.29333379023956,,,
1639094400000,367.1387338609562,,,
1639180800000,384.65784214617156,,,
1639267200000,389.8284888294219,,,
1639353600000,363.7291491108242,,,
1639440000000,376.50588240791654,,,
1639526400000,380.5689728488674,,,
1639612800000,370.96926942253805,,,
1639699200000,359.27781818974796,,,
1639785600000,364.7550852882949,,,
1639872000000,363.5615476036568,,,
1639958400000,365.3756470025655,,,
1640044800000,380.76289838457694,,,
1640131200000,378.4130504876176,,,
1640217600000,395.94150458178285,,,
1640304000000,395.79500902649386,,,
1640390400000,392.52132791484104,,,
1640476800000,395.4483573961953,,,
1640563200000,394.8716431022479,,,
1640649600000,370.2789256681085,,,
1640736000000,361.8748627334311,,,
1640822400000,366.9855404759198,,,
1640908800000,359.9454983574741,,,
1640995200000,371.67230790079117,,,
1641081600000,368.27300354050396,,,
1641168000000,361.73031422167327,,,
1641254400000,356.9476743733246,,,
1641340800000,338.40496636287594,,,
1641427200000,335.5325319821371,,,
1641513600000,323.7269839984175,,,
1641600000000,324.60907259980155,,,
1641686400000,326.04895023200976,,,
1641772800000,325.72083445612844,,,
1641859200000,332.7831507525713,,,
1641945600000,341.9215606254839,,,
1642032000000,331.4655474541238,,,
1642118400000,335.35846629044596,,,
1642204800000,335.54795256690437,,,
1642291200000,335.4495879277071,,,
1642377600000,328.67356491209495,,,
1642464000000,329.8456851178896,,,
1642550400000,324.4554119243177,,,
1642636800000,316.8300106386459,,,
1642723200000,283.84242031529647,,,
1642809600000,273.1423257668626,,,
1642896000000,282.2788664779852,,,
1642982400000,285.51718927911105,,,
1643068800000,287.83783152310207,,,
1643155200000,286.67754934197717,,,
1643241600000,289.40932929802074,,,
1643328000000,293.74313667155246,,,
1643414400000,297.2499957165042,,,
1643500800000,295.02974303698295,,,
1643587200000,299.58691524441633,,,
1643673600000,301.3602046109106,,,
1643760000000,287.3552762543244,,,
1643846400000,290.5893155596816,,,
1643932800000,323.7874981113678,,,
1644019200000,322.29481665859294,,,
1644105600000,330.06959512398,,,
1644192000000,341.4334757530775,,,
1644278400000,343.0144751004285,,,
1644364800000,345.58246975462583,,,
1644451200000,338.7500603583495,,,
1644537600000,330.01398756072837,,,
1644624000000,328.80012274162425,,,
1644710400000,327.5212266685774,,,
1644796800000,331.2773072855254,,,
1644883200000,346.92312604848297,,,
1644969600000,341.6949247584498,,,
1645056000000,315.5433263914741,,,
1645142400000,311.3278992646406,,,
1645228800000,312.1435547407395,,,
1645315200000,298.9637834326845,,,
1645401600000,288.2259941214862,,,
1645488000000,297.74446689169304,,,
1645574400000,290.10956403358887,,,
1645660800000,298.49898520091153,,,
1645747200000,305.4457249933411,,,
1645833600000,304.647826554247,,,
1645920000000,293.6069215061083,,,
1646006400000,336.13759522989915,,,
1646092800000,345.9600404362001,,,
1646179200000,341.84617109995503,,,
1646265600000,330.63914429773257,,,
1646352000000,304.89658083579576,,,
1646438400000,306.83817264512874,,,
1646524800000,299.2279582990005,,,
1646611200000,295.85715865601037,,,
1646697600000,301.64089040637134,,,
1646784000000,326.6493405752969,,,
1646870400000,307.0254003510909,,,
1646956800000,301.632634941799,,,
1647043200000,302.23847700697354,,,
1647129600000,294.21650189486274,,,
1647216000000,308.9675373326127,,,
1647302400000,305.92204972281894,,,
1647388800000,320.20299097039094,,,
1647475200000,318.67573002450166,,,
1647561600000,325.21475890149367,,,
1647648000000,328.6697487067737,,,
1647734400000,321.35649744002717,,,
1647820800000,319.3326625119354,,,
1647907200000,329.93922108912943,,,
1647993600000,333.97840183551693,,,
1648080000000,342.61315048777334,,,
1648166400000,345.1186061037479,,,
1648252800000,346.6615212796282,,,
1648339200000,364.7027487581757,,,
1648425600000,366.9959766292471,,,
1648512000000,369.43048197894393,,,
1648598400000,366.573701828196,,,
1648684800000,354.44245240257385,,,
1648771200000,360.46387922722624,,,
1648857600000,356.7840448349608,,,
1648944000000,361.4285224743341,,,
1649030400000,362.77712270579866,,,
1649116800000,354.3428416555166,,,
1649203200000,336.21913741298664,,,
1649289600000,338.35091643444935,,,
1649376000000,329.0660110062477,,,
1649462400000,332.9753628899734,,,
1649548800000,328.3404647047737,,,
1649635200000,307.8700278349343,,,
1649721600000,312.1106107641913,,,
1649808000000,320.4661533740707,,,
1649894400000,311.0782104021969,,,
1649980800000,315.8252582947949,,,
1650067200000,314.4764244181066,,,
1650153600000,309.0201075079557,,,
1650240000000,317.76630493193915,,,
1650326400000,323.15611083506366,,,
1650412800000,322.1047852099459,,,
1650499200000,315.26536645695717,,,
1650585600000,309.26200819627445,,,
1650672000000,307.1780485639386,,,
1650758400000,307.24448168922385,,,
1650844800000,314.8453502264023,,,
1650931200000,296.8279545606769,,,
1651017600000,305.5746192751079,,,
1651104000000,309.5181612432418,,,
1651190400000,300.5932252230923,,,
1651276800000,293.0752228586026,,,
1651363200000,299.59820809689734,,,
1651449600000,300.0406542689319,,,
1651536000000,293.8396321489597,,,
1651622400000,309.11263101655925,,,
1651708800000,284.68089514158123,,,
1651795200000,280.48151165344495,,,
1651881600000,276.2651499457164,,,
1651968000000,265.0969861323772,,,
1652054400000,234.23953931392418,,,
1652140800000,241.56657564887175,,,
1652227200000,226.66655244011284,,,
1652313600000,226.08874780178786,,,
1652400000000,228.09264500411996,,,
1652486400000,234.3207699700467,,,
1652572800000,243.99485045926863,,,
1652659200000,232.66399168846058,,,
1652745600000,237.11041605983812,,,
1652832000000,223.63991221170127,,,
1652918400000,236.13144257234046,,,
1653004800000,227.4225505024151,,,
1653091200000,229.32325439759254,,,
1653177600000,235.9344796487222,,,
1653264000000,226.7071288273035,,,
1653350400000,230.9550326402378,,,
1653436800000,230.07940822337733,,,
1653523200000,227.42519848161757,,,
1653609600000,222.97386756054138,,,
1653696000000,226.1010531169052,,,
1653782400000,229.5026939294298,,,
1653868800000,247.151631077307,,,
1653955200000,247.6720368723316,,,
1654041600000,232.13299397662615,,,
1654128000000,237.17030711885846,,,
1654214400000,231.31040702555612,,,
1654300800000,232.58634359243553,,,
1654387200000,233.01601715890524,,,
1654473600000,244.33916563732967,,,
1654560000000,242.4094897344077,,,
1654646400000,235.24000816200652,,,
1654732800000,234.50137772800272,,,
1654819200000,226.57262706016678,,,
1654905600000,221.37651304752814,,,
1654992000000,206.96706692689554,,,
1655078400000,175.13586469760858,,,
1655164800000,172.40221557977506,,,
1655251200000,175.88594374757596,,,
1655337600000,158.88895465569263,,,
1655424000000,159.41465640912216,,,
1655510400000,147.7478158065667,,,
1655596800000,160.23389444531847,,,
1655683200000,160.2330377461647,,,
1655769600000,161.3983822404708,,,
1655856000000,155.66994652639647,,,
1655942400000,164.40936823889135,,,
1656028800000,165.40282773026127,,,
1656115200000,167.3771298709188,,,
1656201600000,163.84815241145236,,,
1656288000000,161.54666907580855,,,
1656374400000,157.9542179972243,,,
1656460800000,156.721505796738,,,
1656547200000,155.31340391495937,,,
1656633600000,150.15443949289642,,,
1656720000000,149.94423667326586,,,
1656806400000,150.43504740661592,,,
1656892800000,157.60702119473706,,,
1656979200000,157.1328771540143,,,
1657065600000,160.15998467287332,,,
1657152000000,168.41910968708675,,,
1657238400000,168.18367318329157,,,
1657324800000,168.16093171484692,,,
1657411200000,162.48054903512312,,,
1657497600000,155.48007084123185,,,
1657584000000,150.53567061630937,,,
1657670400000,157.5926909543473,,,
1657756800000,160.3494709493317,,,
1657843200000,162.22797854825322,,,
1657929600000,165.075023481345,,,
1658016000000,161.97969155715197,,,
1658102400000,174.70883911034133,,,
1658188800000,182.21695049369237,,,
1658275200000,180.86710415436784,,,
1658361600000,180.3132870923475,,,
1658448000000,176.67340603334276,,,
1658534400000,174.85284244991038,,,
1658620800000,175.8544795241114,,,
1658707200000,165.9729999579439,,,
1658793600000,165.53507092690177,,,
1658880000000,178.75767719264363,,,
1658966400000,185.69289048736837,,,
1659052800000,185.15410460140905,,,
1659139200000,184.13977280338443,,,
1659225600000,181.4124321065921,,,
1659312000000,181.2153134194913,,,
1659398400000,179.03291126621696,,,
1659484800000,177.71343880597945,,,
1659571200000,176.1917074637188,,,
1659657600000,181.5611862323773,,,
1659744000000,178.7713843791034,,,
1659830400000,180.48618455791987,,,
1659916800000,185.436425913436,,,
1660003200000,180.2958415823078,,,
1660089600000,186.55831239612525,,,
1660176000000,186.40519689283005,,,
1660262400000,190.06010912789586,,,
1660348800000,190.3537232924039,,,
1660435200000,189.2934412670425,,,
1660521600000,187.65465366768484,,,
1660608000000,185.78486882378326,,,
1660694400000,181.79670061791376,,,
1660780800000,180.61710376495915,,,
1660867200000,162.26185710569644,,,
1660953600000,164.64254617219032,,,
1661040000000,167.56731708304844,,,
1661126400000,166.66560228286963,,,
1661212800000,167.67253531547559,,,
1661299200000,166.41832775440463,,,
1661385600000,167.90555748529206,,,
1661472000000,157.64082187043905,,,
1661558400000,156.05631784473184,,,
1661644800000,152.30249579828006,,,
1661731200000,157.98879749033878,,,
1661817600000,154.29665778295606,,,
1661904000000,156.15304696736288,,,
1661990400000,156.78731586809326,,,
1662076800000,155.38855979526448,,,
1662163200000,154.45429042724368,,,
1662249600000,155.76581894987376,,,
1662336000000,154.18123704242532,,,
1662422400000,146.34454259274548,,,
1662508800000,150.25599728348487,,,
1662595200000,150.46573281266794,,,
1662681600000,166.3562560066293,,,
1662768000000,168.601041434644,,,
1662854400000,169.99146416115914,,,
1662940800000,174.42192277558067,,,
1663027200000,157.11527588049205,,,
1663113600000,157.52913945348826,,,
1663200000000,153.44167202752655,,,
1663286400000,154.23154864727204,,,
1663372800000,156.64837484170536,,,
1663459200000,151.2165906800478,,,
1663545600000,152.15771364129853,,,
1663632000000,147.00178660714425,,,
1663718400000,143.78028626212816,,,
1663804800000,151.1032727465308,,,
1663891200000,150.23317793329898,,,
1663977600000,147.35614852982638,,,
1664064000000,146.47515027281975,,,
1664150400000,149.74961020188505,,,
1664236800000,148.5915865912564,,,
1664323200000,151.1904224149882,,,
1664409600000,152.58209124936332,,,
1664496000000,151.2666686396708,,,
1664582400000,150.3970411168865,,,
1664668800000,148.41767666304776,,,
1664755200000,152.87469295123515,,,
1664841600000,158.39448348050388,,,
1664928000000,156.9960389346401,,,
1665014400000,155.45717360930468,,,
1665100800000,152.1037415946131,,,
1665187200000,151.23045362999008,,,
1665273600000,151.3944725770601,,,
1665360000000,149.00233489460265,,,
1665446400000,148.44259882024738,,,
1665532800000,149.18660309439736,,,
1665619200000,150.8968861322214,,,
1665705600000,149.35327002066984,,,
1665792000000,148.51572977528002,,,
1665878400000,150.0234424041159,,,
1665964800000,152.257713797062,,,
1666051200000,150.52546810820579,,,
1666137600000,148.9408083190161,,,
1666224000000,148.30178863206953,,,
1666310400000,149.2554505536613,,,
1666396800000,149.56682175517406,,,
1666483200000,152.41768289358708,,,
1666569600000,150.54322514521053,,,
1666656000000,156.3870815998156,,,
1666742400000,161.77275977065386,,,
1666828800000,158.06185056363017,,,
1666915200000,160.37283547170637,,,
1667001600000,162.06933344132935,,,
1667088000000,160.65040599751714,,,
1667174400000,159.58545106768082,,,
1667260800000,159.52999926791165,,,
1667347200000,156.94603885675835,,,
1667433600000,157.38202084426925,,,
1667520000000,164.70835624354558,,,
1667606400000,165.883202310284,,,
1667692800000,162.81629722164678,,,
1667779200000,160.3673058680777,,,
1667865600000,144.44905677423174,,,
1667952000000,124.00961683740941,,,
1668038400000,137.08082099816357,,,
1668124800000,132.9465466457113,,,
1668211200000,130.9354064414431,,,
1668297600000,127.1797152332013,,,
1668384000000,129.43524834150833,,,
1668470400000,131.62458196975385,,,
1668556800000,129.7724762811157,,,
1668643200000,130.0045638700372,,,
1668729600000,130.0660125638825,,,
1668816000000,130.06780384393124,,,
1668902400000,126.79326603312467,,,
1668988800000,122.90743443525615,,,
1669075200000,126.37823423400972,,,
1669161600000,129.3079116945665,,,
1669248000000,129.275512890207,,,
1669334400000,128.67730323567483,,,
1669420800000,128.1822090065561,,,
1669507200000,127.95019929937585,,,
1669593600000,126.26896615103763,,,
1669680000000,128.05728669359297,,,
1669766400000,133.6734169367865,,,
1669852800000,132.22271374254478,,,
1669939200000,133.12123539133242,,,
1670025600000,131.50487773345444,,,
1670112000000,133.22217012799086,,,
1670198400000,132.13688806368856,,,
1670284800000,133.09179609314035,,,
1670371200000,131.12668399795015,,,
1670457600000,134.14428994437685,,,
1670544000000,133.40020778848566,,,
1670630400000,133.39187444217205,,,
1670716800000,133.06134433231205,,,
1670803200000,134.03315269961482,,,
1670889600000,138.4324586175368,,,
1670976000000,138.6540321713897,,,
1671062400000,135.17419809065123,,,
1671148800000,129.53384662592933,,,
1671235200000,130.65845896956228,,,
1671321600000,130.36009401883803,,,
1671408000000,128.02885985803718,,,
1671494400000,131.5855632173882,,,
1671580800000,131.03345955367533,,,
1671667200000,131.0082258695107,,,
1671753600000,130.67387955432955,,,
1671840000000,131.12263414740522,,,
1671926400000,131.09140356916444,,,
1672012800000,131.77115540678412,,,
1672099200000,130.11204067296057,,,
1672185600000,128.8733315783981,,,
1672272000000,129.54436066099794,,,
1672358400000,129.34194601549225,,,
1672444800000,128.83509164344494,,,
1672531200000,129.4141423896299,,,
1672617600000,129.85121472151826,,,
1672704000000,129.86920540374675,,,
1672790400000,131.23353774694354,,,
1672876800000,131.08937864389196,,,
1672963200000,132.01461372992796,,,
1673049600000,131.95947345712378,,,
1673136000000,133.39452242137452,,,
1673222400000,133.78728004249228,,,
1673308800000,135.83089693286126,,,
1673395200000,139.74523324802686,,,
1673481600000,146.7807582254801,,,
1673568000000,155.2183881906358,,,
1673654400000,163.20056573296844,,,
1673740800000,162.5508762474708,,,
1673827200000,164.99753114880244,,,
1673913600000,164.60158037629344,,,
1674000000000,161.03973682202,,,
1674086400000,164.10921200811842,,,
1674172800000,176.53617840526232,,,
1674259200000,177.44225458295108,,,
1674345600000,176.85292344692127,,,
1674432000000,178.47730292414786,,,
1674518400000,176.26888826929638,,,
1674604800000,179.60261620345204,,,
1674691200000,179.20316075258688,,,
1674777600000,179.70557586538297,,,
1674864000000,179.30401760750408,,,
1674950400000,184.90916652518152,,,
1675036800000,177.77403080067106,,,
1675123200000,180.10253910052822,,,
1675209600000,184.83408852661765,,,
1675296000000,182.93595472890146,,,
1675382400000,182.4917172768182,,,
1675468800000,181.67349170325812,,,
1675555200000,178.60549627024344,,,
1675641600000,177.2784692811048,,,
1675728000000,181.00074922235083,,,
1675814400000,178.83984242966113,,,
1675900800000,169.75376908686775,,,
1675987200000,168.42074520365296,,,
1676073600000,170.2693462139349,,,
1676160000000,169.65400257632803,,,
1676246400000,169.5794697499529,,,
1676332800000,172.89621946451632,,,
1676419200000,189.4399368223315,,,
1676505600000,183.16009838021557,,,
1676592000000,191.35520460312247,,,
1676678400000,191.83791563538264,,,
1676764800000,189.03269319734144,,,
1676851200000,193.47537924513904,,,
1676937600000,190.43767980947013,,,
1677024000000,188.33526220445827,,,
1677110400000,186.45044618449563,,,
1677196800000,180.57107565588112,,,
1677283200000,180.35129338207693,,,
1677369600000,183.4492732854724,,,
1677456000000,182.96048747739485,,,
1677542400000,180.23057668314127,,,
1677628800000,184.02653275160867,,,
1677715200000,182.75199805607176,,,
1677801600000,174.09949236681055,,,
1677888000000,174.03897825386022,,,
1677974400000,174.6906147828891,,,
1678060800000,174.53298213860148,,,
1678147200000,172.88157769716153,,,
1678233600000,169.04574617717472,,,
1678320000000,158.584514929151,,,
1678406400000,156.93708245651473,,,
1678492800000,159.31278709156868,,,
1678579200000,171.31732292417902,,,
1678665600000,187.79998099685514,,,
1678752000000,192.13744881222559,,,
1678838400000,189.1409488176773,,,
1678924800000,194.69485154961302,,,
1679011200000,213.35804261377356,,,
1679097600000,209.5602173835162,,,
1679184000000,217.85758233268277,,,
1679270400000,215.8649001010905,,,
1679356800000,218.8902942216421,,,
1679443200000,212.2352994319306,,,
1679529600000,220.36958001492215,,,
1679616000000,213.82019286634406,,,
1679702400000,213.88623658292306,,,
1679788800000,217.82004333340083,,,
1679875200000,211.25352220174798,,,
1679961600000,212.3139599905919,,,
1680048000000,220.78383299662462,,,
1680134400000,218.2910721044737,,,
1680220800000,221.69318020744583,,,
1680307200000,221.59481556824858,,,
1680393600000,219.40742898353426,,,
1680480000000,216.51124067171446,,,
1680566400000,219.35758466913504,,,
1680652800000,219.39294297966197,,,
1680739200000,218.33227154559432,,,
1680825600000,217.33935722641317,,,
1680912000000,217.5889682071156,,,
1680998400000,220.59037475136256,,,
1681084800000,230.8207645183248,,,
1681171200000,235.20612960456324,,,
1681257600000,232.77349341665644,,,
1681344000000,236.55675476130028,,,
1681430400000,237.28175589058552,,,
1681516800000,235.94343604896582,,,
1681603200000,236.0178909935997,,,
1681689600000,229.20806730228554,,,
1681776000000,236.60480779565077,,,
1681862400000,224.2768290916341,,,
1681948800000,219.9664641222183,,,
1682035200000,212.32774505879294,,,
1682121600000,216.6424714057187,,,
1682208000000,214.88039700996418,,,
1682294400000,214.25991317743487,,,
1682380800000,220.41148039171404,,,
1682467200000,221.303226329013,,,
1682553600000,229.539064702593,,,
1682640000000,228.2846234962983,,,
1682726400000,227.65183434865165,,,
1682812800000,227.67332970923633,,,
1682899200000,218.60049626245524,,,
1682985600000,223.28586181598416,,,
1683072000000,226.06078825667956,,,
1683158400000,224.59661152120177,,,
1683244800000,229.79482834085414,,,
1683331200000,224.6748047894156,,,
1683417600000,221.4185691878025,,,
1683504000000,215.48935434478872,,,
1683590400000,215.1737775292485,,,
1683676800000,214.943870629082,,,
1683763200000,210.0363084677702,,,
1683849600000,208.68420355794947,,,
1683936000000,208.53054288246557,,,
1684022400000,209.63911158740123,,,
1684108800000,211.54347592441735,,,
1684195200000,210.54425318419501,,,
1684281600000,213.43966267860233,,,
1684368000000,208.88879889221013,,,
1684454400000,209.34814540209564,,,
1684540800000,211.07844404742065,,,
1684627200000,208.3163680940313,,,
1684713600000,209.10678988596558,,,
1684800000000,211.9910622913743,,,
1684886400000,205.05491441575455,,,
1684972800000,206.18248626555496,,,
1685059200000,207.99035512516375,,,
1685145600000,209.14573075658998,,,
1685232000000,218.57510681480815,,,
1685318400000,216.01591279737198,,,
1685404800000,215.68880948412695,,,
1685491200000,211.9189437989779,,,
1685577600000,208.86270850889179,,,
1685664000000,212.17003453276408,,,
1685750400000,210.81979878473334,,,
1685836800000,211.17797691273663,,,
1685923200000,200.37570151978431,,,
1686009600000,212.07260447446183,,,
1686096000000,205.1353662544646,,,
1686182400000,206.37578874733452,,,
1686268800000,206.21379472553699,,,
1686355200000,201.2558430776372,,,
1686441600000,201.91269768332972,,,
1686528000000,201.75413045814713,,,
1686614400000,201.98045479821621,,,
1686700800000,195.70591231450516,,,
1686787200000,199.3654974540459,,,
1686873600000,205.1794473200114,,,
1686960000000,206.51893538774985,,,
1687046400000,205.14027280416326,,,
1687132800000,209.06847206927114,,,
1687219200000,220.4675552454132,,,
1687305600000,233.59763800255143,,,
1687392000000,232.74896066816305,,,
1687478400000,239.00738163143558,,,
1687564800000,237.75294042514088,,,
1687651200000,237.24850038707228,,,
1687737600000,235.73237653018154,,,
1687824000000,239.0380670374876,,,
1687910400000,234.24810630546156,,,
1687996800000,237.12895191425534,,,
1688083200000,237.32124193339868,,,
1688169600000,238.20831496622273,,,
1688256000000,238.45076082673026,,,
1688342400000,242.64991066964282,,,
1688428800000,239.6149370949176,,,
1688515200000,237.57677192643604,,,
1688601600000,232.83081437821556,,,
1688688000000,236.3298073673012,,,
1688774400000,235.86197174761958,,,
1688860800000,234.8968612100642,,,
1688947200000,236.85060257103206,,,
1689033600000,238.49024686954343,,,
1689120000000,236.60472991390955,,,
1689206400000,244.97102020408133,,,
1689292800000,236.0752119551588,,,
1689379200000,235.90005591909025,,,
1689465600000,235.4520022616858,,,
1689552000000,234.71999177568816,,,
1689638400000,232.54810365748236,,,
1689724800000,232.93813541765644,,,
1689811200000,232.0875889214781,,,
1689897600000,232.8798019934611,,,
1689984000000,232.0408598767288,,29794.0,
